isbn13,description,loanCnt,keyword
9791128216725,,756,
9791128216763,,809,
9791128216961,,607,
9788961916134,"생각하는 힘을 길러주는「우리아이 철학동화 아테네 학당」시리즈『아기 자동차 수비의 소원』. 철학동화를 통해 동서양의 철학 사상을 자연스럽게 알려줌으로써 비판적 사고력과 창의력을 키울 수 있도록 도와줍니다. 본문 내용을 다양한 미술기법으로 표현한 그림으로 구성했으며, 그때그때 내용 이해를 돕기...",177,
9791165435783,,229,
9791128212703,,301,
9791165435998,,289,
9788961916158,"생각하는 힘을 길러주는「우리아이 철학동화 아테네 학당」시리즈『근이와 원이의 힘겨루기』. 철학동화를 통해 동서양의 철학 사상을 자연스럽게 알려줌으로써 비판적 사고력과 창의력을 키울 수 있도록 도와줍니다. 본문 내용을 다양한 미술기법으로 표현한 그림으로 구성했으며, 그때그때 내용 이해를 돕기...",143,
9791128212512,,378,
9788961915915,"생각하는 힘을 길러주는「우리아이 철학동화 아테네 학당」시리즈『궁금하다, 궁금해!』. 철학동화를 통해 동서양의 철학 사상을 자연스럽게 알려줌으로써 비판적 사고력과 창의력을 키울 수 있도록 도와줍니다. 본문 내용을 다양한 미술기법으로 표현한 그림으로 구성했으며, 그때그때 내용 이해를 돕기 위한...",197,
9791128216978,,553,
9791157592487,탯줄동화 아람 [베이비올 탄생] - 모양책 / 생활 영역 발달  &#039;바구니 들고 출발&#039;은 아기가 손에 쥐고 다닐 수 있게 만든 바구니 모양의 책입니다. 아기가 평소 생활하며 자주 접하는 물건들을 바구니 속에 하나씩 담아 아기가 직접 들고 다니며 놀 수 있게 구성했습니다. 책을 읽으면서 아기가...,137,
9791128216695,,644,
9791157592524,"탯줄동화 아람 [베이비올 탄생] - 잠자리 동화 / 생활 영역 발달  &#039;콜콜, 아기 잠&#039; 아기를 재우면서 엄마, 아빠가 조곤조곤 읽어 줄 수 있게 구성한 그림책입니다. 잠을 &#039;아기 잠&#039;이라는 형태로 의인화하여, 아기 잠이 아기를 찾아와 재워 주기까지의 과정을 그렸습니다. 잠들 때에도...",56,
9791165436001,,314,
9791157987276,,104,
9791165435851,,269,
9791128212734,,322,
9791128216893,,639,
9791157592548,"탯줄동화 아람 베이비올 탄생 - 거울책 / 정서 영역 발달  &#039;뭘 해도 예쁜 우리 아기&#039; 먹고, 자고, 놀고, 웃고, 뭘 해도 사랑스럽게 보이는 아기의 일상생활을 담은 사진책입니다. 엄마, 아빠와 정서적 교감을 높이고 자연스럽게 스킨십을 유도하기에 좋아 안정적인 애착을 쌓는 데 도움을 줍니다....",54,
9791165435912,,337,
9791128216985,,603,
9791165435974,,153,
9788961916080,"생각하는 힘을 길러주는「우리아이 철학동화 아테네 학당」시리즈『옛날에 정말 공룡이 살았을까?』. 철학동화를 통해 동서양의 철학 사상을 자연스럽게 알려줌으로써 비판적 사고력과 창의력을 키울 수 있도록 도와줍니다. 본문 내용을 다양한 미술기법으로 표현한 그림으로 구성했으며, 그때그때 내용 이해를...",281,
9791165435981,,194,
9788961915953,"생각하는 힘을 길러주는「우리아이 철학동화 아테네 학당」시리즈『진주를 삼킨 거위와 군자』. 철학동화를 통해 동서양의 철학 사상을 자연스럽게 알려줌으로써 비판적 사고력과 창의력을 키울 수 있도록 도와줍니다. 본문 내용을 다양한 미술기법으로 표현한 그림으로 구성했으며, 그때그때 내용 이해를 돕기...",160,
9791165954178,,150,
9791157987313,,147,
9791165435820,,386,
9791165435943,,264,
9791128212765,,293,
9791165436049,,305,
9791165435905,,482,
9788961915922,"생각하는 힘을 길러주는「우리아이 철학동화 아테네 학당」시리즈『늑대의 양을 빼앗은 사자』. 철학동화를 통해 동서양의 철학 사상을 자연스럽게 알려줌으로써 비판적 사고력과 창의력을 키울 수 있도록 도와줍니다. 본문 내용을 다양한 미술기법으로 표현한 그림으로 구성했으며, 그때그때 내용 이해를 돕기...",243,
9788993877465,"아이들의 발달 특성을 고려하여 만든「Book Bang」시리즈『키키의 친구 만들기』. 유아교육 이론을 바탕으로, 고르게 발달할 수 있도록 구성했습니다. 다양한 크기와 디자인의 책들로 흥미를 유발합니다. 동물, 가족, 친구, 자연 등 다양한 주제와 배경을 배치하여 이야기를 끌어갑니다.",21,
9791128212710,,312,
9791165435875,,487,
9791165436063,,307,
9791165435837,,343,
9791128212475,,519,
9791165435806,,162,
9788993877274,"아이들의 발달 특성을 고려하여 만든「BOOK BANG」시리즈『좋아해 좋아해』. 유아교육 이론을 바탕으로, 고르게 발달할 수 있도록 구성했습니다. 다양한 크기와 디자인의 책들로 흥미를 유발합니다. 동물, 가족, 친구, 자연 등 다양한 주제와 배경을 배치하여 이야기를 끌어갑니다.",11,
9791165435868,,258,
9791165435813,,339,
9791165430276,,445,
9791128216923,,602,
9791165435844,,513,
9788961916172,"생각하는 힘을 길러주는「우리아이 철학동화 아테네 학당」시리즈『잘 가, 병아리야!』. 철학동화를 통해 동서양의 철학 사상을 자연스럽게 알려줌으로써 비판적 사고력과 창의력을 키울 수 있도록 도와줍니다. 본문 내용을 다양한 미술기법으로 표현한 그림으로 구성했으며, 그때그때 내용 이해를 돕기 위한...",341,
9788960162570,유아들의 눈높이에 맞추어 꾸민 책으로 우리 주변에 있는 궁금증을 풀어가며 흥미를 갖게 하여 스스로 기초 과학의 원리를 터득하게 하는 테마 그림동화책이다. 유아개발 전문가와 국내 여론 조사를 통해 다년간 기획 제작하여 완성된 책이다.,635,
9788959042326,,191,
9788960162532,유아들의 눈높이에 맞추어 꾸민 책으로 우리 주변에 있는 궁금증을 풀어가며 흥미를 갖게 하여 스스로 기초 과학의 원리를 터득하게 하는 테마 그림동화책이다. 유아개발 전문가와 국내 여론 조사를 통해 다년간 기획 제작하여 완성된 책이다.,407,
9791165953799,,1447,
9788960162525,유아들의 눈높이에 맞추어 꾸민 책으로 우리 주변에 있는 궁금증을 풀어가며 흥미를 갖게 하여 스스로 기초 과학의 원리를 터득하게 하는 테마 그림동화책이다. 유아개발 전문가와 국내 여론 조사를 통해 다년간 기획 제작하여 완성된 책이다.,342,
9788994730561,,210,
9791165953423,,1355,
9788994730301,,403,
9791165951207,,4214,
9788994730554,,147,
9788960162662,유아들의 눈높이에 맞추어 꾸민 책으로 우리 주변에 있는 궁금증을 풀어가며 흥미를 갖게 하여 스스로 기초 과학의 원리를 터득하게 하는 테마 그림동화책이다. 유아개발 전문가와 국내 여론 조사를 통해 다년간 기획 제작하여 완성된 책이다.,415,
9788959042371,,237,
9788960163072,유아들의 눈높이에 맞추어 꾸민 책으로 우리 주변에 있는 궁금증을 풀어가며 흥미를 갖게 하여 스스로 기초 과학의 원리를 터득하게 하는 테마 그림동화책이다. 유아개발 전문가와 국내 여론 조사를 통해 다년간 기획 제작하여 완성된 책이다.,730,
9788960162556,유아들의 눈높이에 맞추어 꾸민 책으로 우리 주변에 있는 궁금증을 풀어가며 흥미를 갖게 하여 스스로 기초 과학의 원리를 터득하게 하는 테마 그림동화책이다. 유아개발 전문가와 국내 여론 조사를 통해 다년간 기획 제작하여 완성된 책이다.,351,
9791165953621,,450,
9788994730479,,163,
9788994730455,,120,
9788960162280,유아들의 눈높이에 맞추어 꾸민 책으로 우리 주변에 있는 궁금증을 풀어가며 흥미를 갖게 하여 스스로 기초 과학의 원리를 터득하게 하는 테마 그림동화책이다. 유아개발 전문가와 국내 여론 조사를 통해 다년간 기획 제작하여 완성된 책이다.,835,
9788993828740,"사진으로 보는 동물원 재미주 Zoo 『사파리 동물들』. 아프리카 초원에는 많은 동물들이 살고 있어요. 풀을 먹는 가젤과 영양, 고기를 먹는 하이에나와 사자도 이곳에 살아요. 코가 긴 코끼리와 목이 긴 기린, 멋진 뿔을 가진 블레스복도 이곳에 살지요. 여러 동물들을 만나러 아프리카 초원으로 사파리를 떠나요.",805,
9788960162822,유아들의 눈높이에 맞추어 꾸민 책으로 우리 주변에 있는 궁금증을 풀어가며 흥미를 갖게 하여 스스로 기초 과학의 원리를 터득하게 하는 테마 그림동화책이다. 유아개발 전문가와 국내 여론 조사를 통해 다년간 기획 제작하여 완성된 책이다.,572,
9791165953416,,1018,
9788993828955,"강아지는 ㄱ으로, 말은 ㅁ으로 시작하는 이름을 가졌습니다. 동물들의 모습을 조금만 보고도 이름을 맞출 수 있을까요? ㄱ에서 ㅎ이 들어간 동물들의 이름을 하나하나 익혀 보세요. 동물의 모습 일부분을 보고, 동물 이름을 맞추어 가는 동안 즐겁게 한글을 익힐 수 있을 것입니다.",704,
9788959042227,,447,
9791165951443,,2853,
9788960162907,유아들의 눈높이에 맞추어 꾸민 책으로 우리 주변에 있는 궁금증을 풀어가며 흥미를 갖게 하여 스스로 기초 과학의 원리를 터득하게 하는 테마 그림동화책이다. 유아개발 전문가와 국내 여론 조사를 통해 다년간 기획 제작하여 완성된 책이다.,281,
9788960162549,유아들의 눈높이에 맞추어 꾸민 책으로 우리 주변에 있는 궁금증을 풀어가며 흥미를 갖게 하여 스스로 기초 과학의 원리를 터득하게 하는 테마 그림동화책이다. 유아개발 전문가와 국내 여론 조사를 통해 다년간 기획 제작하여 완성된 책이다.,220,
9788959042333,,265,
9788960162341,유아들의 눈높이에 맞추어 꾸민 책으로 우리 주변에 있는 궁금증을 풀어가며 흥미를 갖게 하여 스스로 기초 과학의 원리를 터득하게 하는 테마 그림동화책이다. 유아개발 전문가와 국내 여론 조사를 통해 다년간 기획 제작하여 완성된 책이다.,519,
9788994730028,,248,
9788994730158,,177,
9788960162792,유아들의 눈높이에 맞추어 꾸민 책으로 우리 주변에 있는 궁금증을 풀어가며 흥미를 갖게 하여 스스로 기초 과학의 원리를 터득하게 하는 테마 그림동화책이다. 유아개발 전문가와 국내 여론 조사를 통해 다년간 기획 제작하여 완성된 책이다.,262,
9788960162983,유아들의 눈높이에 맞추어 꾸민 책으로 우리 주변에 있는 궁금증을 풀어가며 흥미를 갖게 하여 스스로 기초 과학의 원리를 터득하게 하는 테마 그림동화책이다. 유아개발 전문가와 국내 여론 조사를 통해 다년간 기획 제작하여 완성된 책이다.,262,
9788994730165,,181,
9788959042432,,295,
9791165951566,,2667,
9788994730424,,164,
9791165951160,,3275,
9788960162433,유아들의 눈높이에 맞추어 꾸민 책으로 우리 주변에 있는 궁금증을 풀어가며 흥미를 갖게 하여 스스로 기초 과학의 원리를 터득하게 하는 테마 그림동화책이다. 유아개발 전문가와 국내 여론 조사를 통해 다년간 기획 제작하여 완성된 책이다.,622,
9788960162693,유아들의 눈높이에 맞추어 꾸민 책으로 우리 주변에 있는 궁금증을 풀어가며 흥미를 갖게 하여 스스로 기초 과학의 원리를 터득하게 하는 테마 그림동화책이다. 유아개발 전문가와 국내 여론 조사를 통해 다년간 기획 제작하여 완성된 책이다.,363,
9791186298138,"재미있는 이야기를 통해 다양한 탈것들을 배우는 「타GO타GO」 시리즈 『배꼽을 찾아보자!』. 호기심이 왕성한 아이들에게 '탈것'에 대한 사물을 인지하고, 배울 수 있도록 안내합니다. 각각의 탈것들은 어떤 생김새를 하고 있는지, 또 어떤 역할을 하고 있는지 관련 지식도 함께 익히게 됩니다.",713,
9788993828801,사진으로 보는 동물원 재미주 Zoo 『아름다운 새』. 나무에 우거진 숲 속에 아기새들이 태어났어요. 아기새들은 째액째액 엄마 새를 기다리고 엄마 새는 아기새들을 위해 먹이를 구하러 가요. 새들의 다양한 모습을 통해 새들이 어떤 생활을 하고 있는지 알아볼까요?,592,
9788960162419,유아들의 눈높이에 맞추어 꾸민 책으로 우리 주변에 있는 궁금증을 풀어가며 흥미를 갖게 하여 스스로 기초 과학의 원리를 터득하게 하는 테마 그림동화책이다. 유아개발 전문가와 국내 여론 조사를 통해 다년간 기획 제작하여 완성된 책이다.,469,
9788993828764,"자연에서 살아가는 아기 동물들은 어떤 모습일까요? 숲 속에는 뾰족한 털을 바짝 세운 아기 고슴도치도 있고, 바닷가에는 모래 위를 뒤뚱뒤뚱 걷는 아기 물개도 있지요. 회색늑대는 무슨 일인지 말똥말똥 눈을 뜨고 쳐다봅니다. 자연에서 살아가는 다양한 아기 동물들을 만나 보세요.",563,
9791165953461,,1596,
9788994730271,,151,
9788959042586,,217,
9788959042463,,191,
9791165951153,,3107,
9788960162495,유아들의 눈높이에 맞추어 꾸민 책으로 우리 주변에 있는 궁금증을 풀어가며 흥미를 갖게 하여 스스로 기초 과학의 원리를 터득하게 하는 테마 그림동화책이다. 유아개발 전문가와 국내 여론 조사를 통해 다년간 기획 제작하여 완성된 책이다.,406,
9788994730462,,112,
9788959042340,,350,
9788994730400,,142,
9788993828719,끔벅끔벅 눈이 예쁜 소는 사람을 돕는 고마운 동물입니다. 소처럼 사람들을 도우며 살아가는 동물을 가축이라고 하지요. 농장에 가면 사람을 돕는 가축들이 많이 있습니다. 소와 말 오리와 토끼 등 농장에서 사람들과 함께 사는 친근한 동물은 누구인지 만나 보세요.,596,
9788960163133,유아들의 눈높이에 맞추어 꾸민 책으로 우리 주변에 있는 궁금증을 풀어가며 흥미를 갖게 하여 스스로 기초 과학의 원리를 터득하게 하는 테마 그림동화책이다. 유아개발 전문가와 국내 여론 조사를 통해 다년간 기획 제작하여 완성된 책이다.,354,
9788960163034,유아들의 눈높이에 맞추어 꾸민 책으로 우리 주변에 있는 궁금증을 풀어가며 흥미를 갖게 하여 스스로 기초 과학의 원리를 터득하게 하는 테마 그림동화책이다. 유아개발 전문가와 국내 여론 조사를 통해 다년간 기획 제작하여 완성된 책이다.,365,
9788994730448,,113,
9788960162655,유아들의 눈높이에 맞추어 꾸민 책으로 우리 주변에 있는 궁금증을 풀어가며 흥미를 갖게 하여 스스로 기초 과학의 원리를 터득하게 하는 테마 그림동화책이다. 유아개발 전문가와 국내 여론 조사를 통해 다년간 기획 제작하여 완성된 책이다.,364,
9788960162488,유아들의 눈높이에 맞추어 꾸민 책으로 우리 주변에 있는 궁금증을 풀어가며 흥미를 갖게 하여 스스로 기초 과학의 원리를 터득하게 하는 테마 그림동화책이다. 유아개발 전문가와 국내 여론 조사를 통해 다년간 기획 제작하여 완성된 책이다.,466,
9791165951511,,3035,
9791165951399,,2632,
9788994730240,,106,
9788960162990,유아들의 눈높이에 맞추어 꾸민 책으로 우리 주변에 있는 궁금증을 풀어가며 흥미를 갖게 하여 스스로 기초 과학의 원리를 터득하게 하는 테마 그림동화책이다. 유아개발 전문가와 국내 여론 조사를 통해 다년간 기획 제작하여 완성된 책이다.,162,
9788994730226,,159,
9788960163010,유아들의 눈높이에 맞추어 꾸민 책으로 우리 주변에 있는 궁금증을 풀어가며 흥미를 갖게 하여 스스로 기초 과학의 원리를 터득하게 하는 테마 그림동화책이다. 유아개발 전문가와 국내 여론 조사를 통해 다년간 기획 제작하여 완성된 책이다.,251,
9788960162877,유아들의 눈높이에 맞추어 꾸민 책으로 우리 주변에 있는 궁금증을 풀어가며 흥미를 갖게 하여 스스로 기초 과학의 원리를 터득하게 하는 테마 그림동화책이다. 유아개발 전문가와 국내 여론 조사를 통해 다년간 기획 제작하여 완성된 책이다.,482,
9788994730356,,205,
9788994730080,,318,
9788960163096,유아들의 눈높이에 맞추어 꾸민 책으로 우리 주변에 있는 궁금증을 풀어가며 흥미를 갖게 하여 스스로 기초 과학의 원리를 터득하게 하는 테마 그림동화책이다. 유아개발 전문가와 국내 여론 조사를 통해 다년간 기획 제작하여 완성된 책이다.,348,
9788994730042,,371,
9788960163140,유아들의 눈높이에 맞추어 꾸민 책으로 우리 주변에 있는 궁금증을 풀어가며 흥미를 갖게 하여 스스로 기초 과학의 원리를 터득하게 하는 테마 그림동화책이다. 유아개발 전문가와 국내 여론 조사를 통해 다년간 기획 제작하여 완성된 책이다.,243,
9791165951276,,3223,
9791165951337,,3453,
9788960162457,유아들의 눈높이에 맞추어 꾸민 책으로 우리 주변에 있는 궁금증을 풀어가며 흥미를 갖게 하여 스스로 기초 과학의 원리를 터득하게 하는 테마 그림동화책이다. 유아개발 전문가와 국내 여론 조사를 통해 다년간 기획 제작하여 완성된 책이다.,408,
9788960162563,유아들의 눈높이에 맞추어 꾸민 책으로 우리 주변에 있는 궁금증을 풀어가며 흥미를 갖게 하여 스스로 기초 과학의 원리를 터득하게 하는 테마 그림동화책이다. 유아개발 전문가와 국내 여론 조사를 통해 다년간 기획 제작하여 완성된 책이다.,380,
9788960162594,유아들의 눈높이에 맞추어 꾸민 책으로 우리 주변에 있는 궁금증을 풀어가며 흥미를 갖게 하여 스스로 기초 과학의 원리를 터득하게 하는 테마 그림동화책이다. 유아개발 전문가와 국내 여론 조사를 통해 다년간 기획 제작하여 완성된 책이다.,256,
9788993828818,"일 년 내내 눈이 녹지 않는 추운 곳에도 새들이 살고 있습니다. 다양한 모습의 펭귄들과 퍼핀, 눈처럼 하얀 털을 가진 흰올빼미와 흰기러기, 날개가 커다란 앨버트로스도 살고 있지요. 춥지만 서로를 의지하며 따뜻하게 지내는 추운 지방에서 사는 새들을 만나 보세요.",817,
9791165953683,,945,
9791165953546,,1574,
9788994730394,,182,
9788959042258,,261,
9788993828894,"사슴, 혹고니, 판다, 원숭이, 기린, 말 모든 아기 동물들에게 엄마는 세상에서 소중한 존재입니다. 갓 태어난 아기 동물들은 엄마 품에 안겨 냠냠 젖을 먹고, 잠이 들지요. 아기 사슴은 엄마 사슴에게 코를 맞대며 “엄마, 사랑해요.”라고 말하는 것 같습니다. 엄마와 아기 동물들의 대화를 상상하면 동물들을...",686,
9791165951245,,3730,
9791165953652,,988,
9788960163218,유아들의 눈높이에 맞추어 꾸민 책으로 우리 주변에 있는 궁금증을 풀어가며 흥미를 갖게 하여 스스로 기초 과학의 원리를 터득하게 하는 테마 그림동화책이다. 유아개발 전문가와 국내 여론 조사를 통해 다년간 기획 제작하여 완성된 책이다.,346,
9788994730332,,211,
9788959042579,,210,
9788959042289,,385,
9788959042210,,323,
9788960163249,유아들의 눈높이에 맞추어 꾸민 책으로 우리 주변에 있는 궁금증을 풀어가며 흥미를 갖게 하여 스스로 기초 과학의 원리를 터득하게 하는 테마 그림동화책이다. 유아개발 전문가와 국내 여론 조사를 통해 다년간 기획 제작하여 완성된 책이다.,359,
9788993828771,"지구에는 수많은 동물들이 숲에서, 초원에서, 바다에서 더불어 살아가고 있지요. 우리가 자연을 지켜 주지 않으면 귀여운 판다도, 큰 고래도, 멋진 무늬를 가진 구름무늬표범도 영영 만날 수 없게 될지 모릅니다. 동물들을 만나 맘 놓고 살아갈 수 있는 아름다운 지구를 만들어야 하는 이유를 알아보세요.",786,
9791165953478,,1769,
9791165953522,,1580,
9788993828900,"“꼭꼭 숨어라, 어디 어디 숨었니?” 동물들이 모여 숨바꼭질을 하고 있습니다. 동물들은 모두 어디에 숨었을까요? 동물들이 숨은 곳은 평소에 동물들이 안심하고 쉴 수 있는 곳입니다. 숨은 곳을 찾다보면 동물들이 살아가는 환경을 알 수 있을 것입니다. 나무 틈에 숨은 아기 여우, 나무 구멍에 숨은 가면 올빼미...",807,
9788994730325,,145,
9788960162754,유아들의 눈높이에 맞추어 꾸민 책으로 우리 주변에 있는 궁금증을 풀어가며 흥미를 갖게 하여 스스로 기초 과학의 원리를 터득하게 하는 테마 그림동화책이다. 유아개발 전문가와 국내 여론 조사를 통해 다년간 기획 제작하여 완성된 책이다.,285,
9791165951306,,2616,
9788994730608,,311,
9788959042425,,286,
9788994730134,,178,
9788994730141,,221,
9788994730059,,243,
9788993828726,배고픈 사자가 초원에 어슬렁어슬렁 나타나면 풀을 먹고 사는 동물들은 귀를 쫑긋 세우고 바짝 긴장합니다. 언제 잡아먹힐지 모르기 때문이지요. 초원에는 풀을 먹는 동물들과 그들을 쫓는 맹수들이 함께 살아가는 곳입니다. 초원에는 또 어떤 동물들이 사는지 알아보세요.,657,
9791165951214,,2897,
9791165953409,,1236,
9788960162723,유아들의 눈높이에 맞추어 꾸민 책으로 우리 주변에 있는 궁금증을 풀어가며 흥미를 갖게 하여 스스로 기초 과학의 원리를 터득하게 하는 테마 그림동화책이다. 유아개발 전문가와 국내 여론 조사를 통해 다년간 기획 제작하여 완성된 책이다.,556,
9788959042319,,302,
9788960163041,유아들의 눈높이에 맞추어 꾸민 책으로 우리 주변에 있는 궁금증을 풀어가며 흥미를 갖게 하여 스스로 기초 과학의 원리를 터득하게 하는 테마 그림동화책이다. 유아개발 전문가와 국내 여론 조사를 통해 다년간 기획 제작하여 완성된 책이다.,445,
9788993828870,"생생한 사진으로 생태를 배울 수 있는「사진으로 보는 동물원 재미 Zoo」 시리즈 『나비가 된 애벌레』. 이 시리즈는 아이들이 가지고 있는 동물, 곤충에 대한 호기심을 채우고 관련 지식을 습득할 수 있습니다. 실제 사진으로 관찰할 수 있어 교육적 목적으로 활용하기에도 좋습니다. 아이들을 재밌고 신기한...",837,
9791165951320,,2606,
9791128212109,,970,
9791165951436,,2302,
9788994730363,,203,
9791165951559,,2411,
9788994730103,,198,
9788959042531,,395,
9791165951313,,2516,
9788959042449,,386,
9788959042524,,217,
9788994730530,,202,
9788960163195,유아들의 눈높이에 맞추어 꾸민 책으로 우리 주변에 있는 궁금증을 풀어가며 흥미를 갖게 하여 스스로 기초 과학의 원리를 터득하게 하는 테마 그림동화책이다. 유아개발 전문가와 국내 여론 조사를 통해 다년간 기획 제작하여 완성된 책이다.,641,
9788959042500,,289,
9788994730493,,136,
9788994730349,,165,
9788993828672,"우리 주변에는 사랑스러운 아기 동물들이 많이 살고 있습니다. 졸졸졸 따라다니는 강아지, 싱싱한 풀을 좋아하는 아기 양, 모두 꼭 안아 주고 싶을 만큼 귀여운 동물들이지요. 책을 보면서 삐악삐악 병아리 울음소리를 흉내 내고, 뒤뚱뒤뚱 아기 오리 걸음걸이를 흉내 내면 아기 동물들의 모습과 더욱 가까워질...",1076,
9791128212246,,938,
9788960162389,유아들의 눈높이에 맞추어 꾸민 책으로 우리 주변에 있는 궁금증을 풀어가며 흥미를 갖게 하여 스스로 기초 과학의 원리를 터득하게 하는 테마 그림동화책이다. 유아개발 전문가와 국내 여론 조사를 통해 다년간 기획 제작하여 완성된 책이다.,483,
9788993828689,"많은 사람들이 강아지와 함께 살고 있습니다. 순하고 영리해서 사람들을 잘 따르기 때문이지요. 강아지는 귀가 밝고, 냄새를 잘 맡으며, 달리기도 무척 잘합니다. 강아지의 행동을 자세히 관찰해 보면 강아지가 지금 무엇을 하고 싶은지 알 수 있습니다. 귀여운 강아지들의 모습을 만나 무엇을 말하고 싶은지...",1051,
9788959042487,,226,
9791165953591,,1500,
9791165953645,,974,
9788960162891,유아들의 눈높이에 맞추어 꾸민 책으로 우리 주변에 있는 궁금증을 풀어가며 흥미를 갖게 하여 스스로 기초 과학의 원리를 터득하게 하는 테마 그림동화책이다. 유아개발 전문가와 국내 여론 조사를 통해 다년간 기획 제작하여 완성된 책이다.,482,
9788994730578,,307,
9788960162914,유아들의 눈높이에 맞추어 꾸민 책으로 우리 주변에 있는 궁금증을 풀어가며 흥미를 갖게 하여 스스로 기초 과학의 원리를 터득하게 하는 테마 그림동화책이다. 유아개발 전문가와 국내 여론 조사를 통해 다년간 기획 제작하여 완성된 책이다.,379,
9791165953430,,1343,
9791186298114,"재미있는 이야기를 통해 다양한 탈것들을 배우는 「타GO타GO」 시리즈 『조그만 트럭의 커다란 꿈』. 호기심이 왕성한 아이들에게 '탈것'에 대한 사물을 인지하고, 배울 수 있도록 안내합니다. 각각의 탈것들은 어떤 생김새를 하고 있는지, 또 어떤 역할을 하고 있는지 관련 지식도 함께 익히게 됩니다.",1011,
9788959042562,,360,
9788994730202,,145,
9791165951382,,2824,
9788993828795,"물가에 사는 새들은 펠리컨, 백로, 캐나다기러기처럼 흰색이나 검은색 깃털로 덮인 수수한 모습이지요. 물가에 사는 새들은 또 황새나 홍학처럼 좋아하는 물고기를 잘 잡기 위해 부리가 깁니다. 펠리컨이나 앨버트로스는 발가락에 물갈퀴가 있어 헤엄도 아주 잘 치지요. 어떤 새들이 물가에서 사는지 찾아보세요.",372,
9791165951528,,2214,
9788960162303,유아들의 눈높이에 맞추어 꾸민 책으로 우리 주변에 있는 궁금증을 풀어가며 흥미를 갖게 하여 스스로 기초 과학의 원리를 터득하게 하는 테마 그림동화책이다. 유아개발 전문가와 국내 여론 조사를 통해 다년간 기획 제작하여 완성된 책이다.,577,
9788959042470,,288,
9791165953713,,680,
9788960162600,유아들의 눈높이에 맞추어 꾸민 책으로 우리 주변에 있는 궁금증을 풀어가며 흥미를 갖게 하여 스스로 기초 과학의 원리를 터득하게 하는 테마 그림동화책이다. 유아개발 전문가와 국내 여론 조사를 통해 다년간 기획 제작하여 완성된 책이다.,309,
9791165951283,,3609,
9788960162747,유아들의 눈높이에 맞추어 꾸민 책으로 우리 주변에 있는 궁금증을 풀어가며 흥미를 갖게 하여 스스로 기초 과학의 원리를 터득하게 하는 테마 그림동화책이다. 유아개발 전문가와 국내 여론 조사를 통해 다년간 기획 제작하여 완성된 책이다.,322,
9788994730417,,189,
9791165953454,,1875,
9788993828931,"생생한 사진으로 생태를 배울 수 있는「사진으로 보는 동물원 재미 Zoo」 시리즈 『동물들의 소리』. 이 시리즈는 아이들이 가지고 있는 동물, 곤충에 대한 호기심을 채우고 관련 지식을 습득할 수 있습니다. 실제 사진으로 관찰할 수 있어 교육적 목적으로 활용하기에도 좋습니다. 아이들을 재밌고 신기한...",505,
9788994730097,,205,
9791165951184,,2569,
9788960163225,유아들의 눈높이에 맞추어 꾸민 책으로 우리 주변에 있는 궁금증을 풀어가며 흥미를 갖게 하여 스스로 기초 과학의 원리를 터득하게 하는 테마 그림동화책이다. 유아개발 전문가와 국내 여론 조사를 통해 다년간 기획 제작하여 완성된 책이다.,479,
9788994730295,,270,
9788968737091,,87,
9788959042418,,377,
9788994730011,,310,
9788994730257,,164,
9788994730189,,197,
9788960163119,유아들의 눈높이에 맞추어 꾸민 책으로 우리 주변에 있는 궁금증을 풀어가며 흥미를 갖게 하여 스스로 기초 과학의 원리를 터득하게 하는 테마 그림동화책이다. 유아개발 전문가와 국내 여론 조사를 통해 다년간 기획 제작하여 완성된 책이다.,222,
9791165953768,,1174,
9788994730387,,227,
9788960162761,유아들의 눈높이에 맞추어 꾸민 책으로 우리 주변에 있는 궁금증을 풀어가며 흥미를 갖게 하여 스스로 기초 과학의 원리를 터득하게 하는 테마 그림동화책이다. 유아개발 전문가와 국내 여론 조사를 통해 다년간 기획 제작하여 완성된 책이다.,930,
9788993828917,"생생한 사진으로 생태를 배울 수 있는「사진으로 보는 동물원 재미 Zoo」 시리즈 『아, 기분 좋아!』. 이 시리즈는 아이들이 가지고 있는 동물, 곤충에 대한 호기심을 채우고 관련 지식을 습득할 수 있습니다. 실제 사진으로 관찰할 수 있어 교육적 목적으로 활용하기에도 좋습니다. 아이들을 재밌고 신기한...",765,
9788960163232,유아들의 눈높이에 맞추어 꾸민 책으로 우리 주변에 있는 궁금증을 풀어가며 흥미를 갖게 하여 스스로 기초 과학의 원리를 터득하게 하는 테마 그림동화책이다. 유아개발 전문가와 국내 여론 조사를 통해 다년간 기획 제작하여 완성된 책이다.,312,
9788960163102,유아들의 눈높이에 맞추어 꾸민 책으로 우리 주변에 있는 궁금증을 풀어가며 흥미를 갖게 하여 스스로 기초 과학의 원리를 터득하게 하는 테마 그림동화책이다. 유아개발 전문가와 국내 여론 조사를 통해 다년간 기획 제작하여 완성된 책이다.,411,
9791165953447,,1809,
9791165951542,,2741,
9788994730592,,243,
9788960162884,유아들의 눈높이에 맞추어 꾸민 책으로 우리 주변에 있는 궁금증을 풀어가며 흥미를 갖게 하여 스스로 기초 과학의 원리를 터득하게 하는 테마 그림동화책이다. 유아개발 전문가와 국내 여론 조사를 통해 다년간 기획 제작하여 완성된 책이다.,221,
9788994730073,,280,
9788959042197,,376,
9788960162778,유아들의 눈높이에 맞추어 꾸민 책으로 우리 주변에 있는 궁금증을 풀어가며 흥미를 갖게 하여 스스로 기초 과학의 원리를 터득하게 하는 테마 그림동화책이다. 유아개발 전문가와 국내 여론 조사를 통해 다년간 기획 제작하여 완성된 책이다.,383,
9791165953539,,1246,
9788994730172,,208,
9788960162839,유아들의 눈높이에 맞추어 꾸민 책으로 우리 주변에 있는 궁금증을 풀어가며 흥미를 갖게 하여 스스로 기초 과학의 원리를 터득하게 하는 테마 그림동화책이다. 유아개발 전문가와 국내 여론 조사를 통해 다년간 기획 제작하여 완성된 책이다.,231,
9788959042494,,366,
9788960162945,유아들의 눈높이에 맞추어 꾸민 책으로 우리 주변에 있는 궁금증을 풀어가며 흥미를 갖게 하여 스스로 기초 과학의 원리를 터득하게 하는 테마 그림동화책이다. 유아개발 전문가와 국내 여론 조사를 통해 다년간 기획 제작하여 완성된 책이다.,239,
9788994730196,,133,
9788960162624,유아들의 눈높이에 맞추어 꾸민 책으로 우리 주변에 있는 궁금증을 풀어가며 흥미를 갖게 하여 스스로 기초 과학의 원리를 터득하게 하는 테마 그림동화책이다. 유아개발 전문가와 국내 여론 조사를 통해 다년간 기획 제작하여 완성된 책이다.,882,
9788994730547,,153,
9788960163126,유아들의 눈높이에 맞추어 꾸민 책으로 우리 주변에 있는 궁금증을 풀어가며 흥미를 갖게 하여 스스로 기초 과학의 원리를 터득하게 하는 테마 그림동화책이다. 유아개발 전문가와 국내 여론 조사를 통해 다년간 기획 제작하여 완성된 책이다.,1117,
9788960163058,유아들의 눈높이에 맞추어 꾸민 책으로 우리 주변에 있는 궁금증을 풀어가며 흥미를 갖게 하여 스스로 기초 과학의 원리를 터득하게 하는 테마 그림동화책이다. 유아개발 전문가와 국내 여론 조사를 통해 다년간 기획 제작하여 완성된 책이다.,322,
9788994730509,,83,
9788960162273,유아들의 눈높이에 맞추어 꾸민 책으로 우리 주변에 있는 궁금증을 풀어가며 흥미를 갖게 하여 스스로 기초 과학의 원리를 터득하게 하는 테마 그림동화책이다. 유아개발 전문가와 국내 여론 조사를 통해 다년간 기획 제작하여 완성된 책이다.,618,
9788960162617,유아들의 눈높이에 맞추어 꾸민 책으로 우리 주변에 있는 궁금증을 풀어가며 흥미를 갖게 하여 스스로 기초 과학의 원리를 터득하게 하는 테마 그림동화책이다. 유아개발 전문가와 국내 여론 조사를 통해 다년간 기획 제작하여 완성된 책이다.,221,
9788959042203,,509,
9788994730486,,148,
9788960162860,유아들의 눈높이에 맞추어 꾸민 책으로 우리 주변에 있는 궁금증을 풀어가며 흥미를 갖게 하여 스스로 기초 과학의 원리를 터득하게 하는 테마 그림동화책이다. 유아개발 전문가와 국내 여론 조사를 통해 다년간 기획 제작하여 완성된 책이다.,312,
9788960162518,유아들의 눈높이에 맞추어 꾸민 책으로 우리 주변에 있는 궁금증을 풀어가며 흥미를 갖게 하여 스스로 기초 과학의 원리를 터득하게 하는 테마 그림동화책이다. 유아개발 전문가와 국내 여론 조사를 통해 다년간 기획 제작하여 완성된 책이다.,508,
9791165951412,,2477,
9788959042357,,436,
9788960162358,유아들의 눈높이에 맞추어 꾸민 책으로 우리 주변에 있는 궁금증을 풀어가며 흥미를 갖게 하여 스스로 기초 과학의 원리를 터득하게 하는 테마 그림동화책이다. 유아개발 전문가와 국내 여론 조사를 통해 다년간 기획 제작하여 완성된 책이다.,527,
9791165953560,,1214,
9791186298169,"재미있는 이야기를 통해 다양한 탈것들을 배우는 「타GO타GO」 시리즈 『우주 비행사가 되고 싶은 토끼』. 호기심이 왕성한 아이들에게 '탈것'에 대한 사물을 인지하고, 배울 수 있도록 안내합니다. 각각의 탈것들은 어떤 생김새를 하고 있는지, 또 어떤 역할을 하고 있는지 관련 지식도 함께 익히게 됩니다.",625,
9788960162464,유아들의 눈높이에 맞추어 꾸민 책으로 우리 주변에 있는 궁금증을 풀어가며 흥미를 갖게 하여 스스로 기초 과학의 원리를 터득하게 하는 테마 그림동화책이다. 유아개발 전문가와 국내 여론 조사를 통해 다년간 기획 제작하여 완성된 책이다.,274,
9788994730431,,273,
9788960163003,유아들의 눈높이에 맞추어 꾸민 책으로 우리 주변에 있는 궁금증을 풀어가며 흥미를 갖게 하여 스스로 기초 과학의 원리를 터득하게 하는 테마 그림동화책이다. 유아개발 전문가와 국내 여론 조사를 통해 다년간 기획 제작하여 완성된 책이다.,432,
9788994730035,,285,
9791186298176,"재미있는 이야기를 통해 다양한 탈것들을 배우는 「타GO타GO」 시리즈 『달 천사, 루나』. 호기심이 왕성한 아이들에게 '탈것'에 대한 사물을 인지하고, 배울 수 있도록 안내합니다. 각각의 탈것들은 어떤 생김새를 하고 있는지, 또 어떤 역할을 하고 있는지 관련 지식도 함께 익히게 됩니다.",729,
9788960163188,유아들의 눈높이에 맞추어 꾸민 책으로 우리 주변에 있는 궁금증을 풀어가며 흥미를 갖게 하여 스스로 기초 과학의 원리를 터득하게 하는 테마 그림동화책이다. 유아개발 전문가와 국내 여론 조사를 통해 다년간 기획 제작하여 완성된 책이다.,544,
9788994730523,,199,
9788959042272,,361,
9788960163171,유아들의 눈높이에 맞추어 꾸민 책으로 우리 주변에 있는 궁금증을 풀어가며 흥미를 갖게 하여 스스로 기초 과학의 원리를 터득하게 하는 테마 그림동화책이다. 유아개발 전문가와 국내 여론 조사를 통해 다년간 기획 제작하여 완성된 책이다.,626,
9788994730264,,115,
9788960162976,유아들의 눈높이에 맞추어 꾸민 책으로 우리 주변에 있는 궁금증을 풀어가며 흥미를 갖게 하여 스스로 기초 과학의 원리를 터득하게 하는 테마 그림동화책이다. 유아개발 전문가와 국내 여론 조사를 통해 다년간 기획 제작하여 완성된 책이다.,595,
9791165951849,,2673,
9788964170052,,28,
9788993877861,,37,
9788990591333,,5,
9788959047079,,269,
9788963836331,"점에서 선, 면에서 입체로 이어지는 과정을 한 번에 이해하게 하는 그림책입니다. 무엇보다 책을 펼치면 입체로 살아나는 정육면체가 매 페이지의 그림들과 어울리는 경험이 아이들을 즐겁게 만듭니다.호기심으로 지식의 싹을 틔우는 창의 융합 지식 그림책.생각의 발견은 아이들이 그 생각과 마음을 키울 수 있게 도와준다.문학적 상상력으로 지식의 구성과정을 체험하는 창의 융합 지식책.〈생각의 발견〉은 아이들이 흥미로운 이야기 속 세상을 간접 체험하듯 경험하면서, 세상과 지식의 관계, 지식에 접근하는 방법을 이해할 수 있게 안내한다.",358,
9788954338288,위대한 유산은 특별합니다.01 어린이의 눈높이에 맞는 쉽고 재미있는 이야기!02 교과서에 나오는 전통문화와 역사의 선행 학습!03 우리 문화유산의 소중함을 일깨워 자긍심을 느끼게 합니다.04 전문가의 꼼꼼하고 철저한 감수를 거친 전집,141,
9791165951764,,2772,
9788964170113,,17,
9788993877878,,37,
9788990591036,,11,
9788990591272,,3,
9788954338097,"위대한 유산 시리즈. 우리나라 부채의 지혜와 아름다움이 담뿍 담긴 그림책이다. 어린이의 눈높이에 맞는 쉽고 재미있는 이야기와 조상의 숨결이 고스란히 전해지는 아름다운 삽화, 교과서 선행 학습을 도와주는 부록의 생생한 화보와 해설로 우리 민족의 생활 문화를 생생하게 담은 문화 체험 동화이다.",1949,"부채,문화,임금님이,영감,그림책,우리나라,전통문화,위대,자랑,주신,유산,어린이,선비,둥글부채,접부채,바람,한양,우리것 우리문화,생생,잔치,아름다움,구경,부인,조상,21세기,지혜,도구,변화,시대,부록,고향,얼굴,가치,가운데,임금님에,사고,사람,교과서,숨결,더위,마을,눈높이,모기,김순영,담뿍,선행,화보,구두쇠,소문,장수"
9788993877793,,43,
9788964170182,,23,
9791128216275,,696,
9791165951818,,3024,
9788954338301,,128,
9791165951719,,2500,
9788954338110,파랑새를 쫓아 경복궁을 구경해 볼까요?우리 문화를 테마별로 자세하게 소개하는 「위대한 유산」시리즈 『공주의 궁궐 나들이』. 태조 이성계가 1395년에 지은 조선 왕조의 정궁 '경복궁'을 소개하는 그림책이다. 숨바꼭질을 하다가 예쁜 파랑새을 쫓아 궁궐을 돌아보는 공주의 이야기를 통해 경복궁...,2592,"전통문화,문화,궁궐,그림책,공주,위대,조선,유산,파랑새,향원정,우리것 우리문화,경복궁,어린이,위대한 유산전통문화 그림책,나들이,학예연구사,21세기,가치,경회루,숨바꼭질,연못,지은,창의적,체험,학습,자경전,한국삐아제,박영란,다양,강녕전,건물,생생,사정전,교과서,세상,교태전,국립민속박물관,궁녀,근정전,손영욱,나라,발견,배우,변화,눈높이,화보,공자,관심,길잡이,대원군"
9791165952068,,3450,
9791165951788,,2107,
9788954343329,,27,
9788993877939,,35,
9791165951795,,3058,
9788993877922,,13,
9788990591302,,8,
9788959047123,,189,
9791165951948,,2518,
9788954338141,21세기를 이끌어 갈 아이들에게 우리 문화를 테마별로 자세하게 소개하는 「위대한 유산」 시리즈 『무슨 떡을 만들지』. 오천 년 역사와 전통을 자랑하는 색깔 있는 우리 문화 중 음식을 테마로 삼아 떡에 대해 다룬다. 우리 민족의 고유의 전통 음식인 떡을 산뜻한 색감의 그림을 곁들여 흥미로운 동화로...,1007,"우리것 우리문화,김혜균,한국삐아제 한국삐아제"
9788990591487,,4,
9788993877779,,55,
9788959047208,,295,
9788964170199,,14,
9788963836386,"북극곰이 보내온 편지를 계기로, 우리 생활 주변에서 환경을 지키려 노력하는 사람들, 즉 그린 히어로를 찾아가는 이야기입니다. 환경을 위한 작은 노력들의 가치를 알게 하고, 찾아낸 그린 히어로에게 스티커를 붙여주면서 환경을 위한 실천을 다짐하게 합니다.호기심으로 지식의 싹을 틔우는 창의 융합 지식 그림책.생각의 발견은 아이들이 그 생각과 마음을 키울 수 있게 도와준다.문학적 상상력으로 지식의 구성과정을 체험하는 창의 융합 지식책.〈생각의 발견〉은 아이들이 흥미로운 이야기 속 세상을 간접 체험하듯 경험하면서, 세상과 지식의 관계, 지식에 접근하는 방법을 이해할 수 있게 안내한다.",319,
9788993877953,,29,
9788993877809,,38,
9791165952099,,2850,
9791165951955,,2588,
9791165952013,,2309,
9788990591418,,2,
9788990591562,,1,
9788990591395,,4,
9788964170212,,20,
9788990591357,,1,
9791165951771,,2534,
9788993877991,,27,
9788954343398,위대한 유산은 특별합니다.01 어린이의 눈높이에 맞는 쉽고 재미있는 이야기!02 교과서에 나오는 전통문화와 역사의 선행 학습!03 우리 문화유산의 소중함을 일깨워 자긍심을 느끼게 합니다.04 전문가의 꼼꼼하고 철저한 감수를 거친 전집,145,
9788993877892,,25,
9788964170175,,17,
9791165951894,,2861,
9788993877830,,46,
9788963836379,"소리가 들리지 않는 친구 선우에게, 음악의 특징과 아름다움을 알려주고 싶은 소정이의 이야기입니다. 소리의 고저, 장단, 셈여림 등을 직접 소리 내 보거나 소리와 색깔을 연결해 보거나, 진동과 소리의 관계를 활동을 통해 알아갈 수 있게 안내합니다.",303,
9788964170106,,24,
9788990591319,,2,
9791165951993,,2056,
9788990591081,,11,
9788990591524,,3,
9791165952129,,2890,
9788959047130,,249,
9788990591401,,8,
9791165951962,,3826,
9788990591050,,23,
9788990591074,,7,
9791128216473,,336,
9788964170045,,24,
9788993877823,,28,
9788990591456,,1,
9788954338219,,25,
9788993877960,,38,
9788964170281,,48,
9791165951979,,2577,
9791165952044,,2003,
9791165952006,,2130,
9788990591098,,11,
9791165951863,,3176,
9788964170304,,24,
9788990591104,,9,
9788990591111,,6,
9791165951917,,2958,
9788964170014,,19,
9788990591029,,12,
9788993877977,,22,
9788990591630,,6,
9788990591340,,3,
9788964170236,,13,
9788993877816,,32,
9788990591234,,10,
9791165959623,,570,
9788963836300,"순서로 계절을 살피면서, 이 계절에 누리는 많은 당연한 것들이 지난 계절, 누군가의 노력으로 만나는 결과임을 알게 됩니다. 당연한 것을 당연해 하지 않고 들여다보는 과학적 사고력을 볼로냐 도서전 수상작가의 서정적인 그림으로 만납니다.호기심으로 지식의 싹을 틔우는 창의 융합 지식 그림책.생각의 발견은 아이들이 그 생각과 마음을 키울 수 있게 도와준다.문학적 상상력으로 지식의 구성과정을 체험하는 창의 융합 지식책.〈생각의 발견〉은 아이들이 흥미로운 이야기 속 세상을 간접 체험하듯 경험하면서, 세상과 지식의 관계, 지식에 접근하는 방법을 이해할 수 있게 안내한다.",386,
9788990591463,,7,
9788990591531,,8,
9788959047369,,425,
9788993877755,,72,
9788959047338,,370,
9788954338196,위대한 유산은 특별합니다.01 어린이의 눈높이에 맞는 쉽고 재미있는 이야기!02 교과서에 나오는 전통문화와 역사의 선행 학습!03 우리 문화유산의 소중함을 일깨워 자긍심을 느끼게 합니다.04 전문가의 꼼꼼하고 철저한 감수를 거친 전집,148,
9788990591593,,10,
9788990591173,,5,
9788990591067,,14,
9788993877762,,55,
9788993877946,,18,
9788990591609,,2,
9788954338165,21세기를 이끌어 갈 아이들에게 우리 문화를 테마별로 자세하게 소개하는 「위대한 유산」 시리즈 『하늘을 울리는 거문고』. 오천 년 역사와 전통을 자랑하는 예술성이 돋보이는 우리 문화 중 국악기를 테마로 삼아 거문고에 대해 다룬다. 우리 민족의 정서가 담긴 거문고를 산뜻한 색감의 그림을 곁들여...,714,"우리것 우리문화,이유진,이태영,한국삐아제"
9788959047147,,197,
9791165952051,,2643,
9788964170120,,22,
9791165951900,,2744,
9788954343411,,19,
9788993877854,,41,
9788959047611,,130,
9788964170229,,16,
9788990591166,,5,
9791165951931,,2864,
9788993877915,,14,
9791165951924,,2085,
9788993877090,,60,
9788963836317,"이웃은 인간 사회를 이루는 중요한 단위이지만 아이들에게는 추상적인 개념입니다. 친구의 친구, 다시 그 친구의 친구들로 연결되는 이웃의 개념을 사랑스러운 이야기와 명랑하고 세련된 그림으로 보여줍니다.호기심으로 지식의 싹을 틔우는 창의 융합 지식 그림책.생각의 발견은 아이들이 그 생각과 마음을 키울 수 있게 도와준다.문학적 상상력으로 지식의 구성과정을 체험하는 창의 융합 지식책.〈생각의 발견〉은 아이들이 흥미로운 이야기 속 세상을 간접 체험하듯 경험하면서, 세상과 지식의 관계, 지식에 접근하는 방법을 이해할 수 있게 안내한다.",232,
9791165951702,,1571,
9788990591586,,3,
9788964170137,,29,
9788964170083,,12,
9788990591432,,10,
9788990591616,,6,
9788993877984,,20,
isbn13,description,loanCnt,keyword
9788993877908,,25,
9788993877847,,26,
9788990591647,,2,
9791165951856,,2521,
9788990591265,,5,
9788990591012,,8,
9788964170076,,22,
9791128216466,,383,
9788964170274,,30,
9788990591449,,4,
9791165951757,,2584,
9788963836324,어감을 이해하는 것은 매우 중요한 일이지만 언어 활용 경험이 많지 않은 아이들이 어감을 이해하기는 쉬운 일이 아닙니다. 서울대학교에서 국어교육을 전공한 뒤 오랫동안 어린이책을 만들어 온 글작가와 밝고 귀여운 그림으로 아이들 마음을 사로잡는 그림작가가 놀이하듯 그 말의 맛을 음미하고 즐기게 도와줍니다.,476,
9788964170298,,18,
9788964170144,,15,
9788990591289,,5,
9788954343336,,56,
9791128216299,,760,
9791128216282,,923,
9791165952112,,2595,
9788990591579,,2,
9791165951986,,2424,
9788990591388,,17,
9791165952143,,3571,
9788990591159,,9,
9788963836294,아이에게 ‘잘 봐!’라고 말하는 어른은 많지만 어떻게 보는 게 잘 보는 것인지 알려주는 어른은 드물지요. 과학의 첫걸음인 ‘관찰’하는 구체적 방법을 유쾌한 이야기와 매력적인 그림으로 보여줍니다.,513,
9788964170168,,26,
9788990591296,,9,
9788954338271,,40,
9788963836362,"물리적 변화, 화학적 변화, 산화, 그리고 생물학적 변화를 쉽고 친근한 예를 통해 알려줍니다. 각 변화의 차이나 특징을 온전하게 이해하기는 어려워도 특정 기준을 중심으로 분류하는 모습을 이해할 수는 있습니다.호기심으로 지식의 싹을 틔우는 창의 융합 지식 그림책.생각의 발견은 아이들이 그 생각과 마음을 키울 수 있게 도와준다.문학적 상상력으로 지식의 구성과정을 체험하는 창의 융합 지식책.〈생각의 발견〉은 아이들이 흥미로운 이야기 속 세상을 간접 체험하듯 경험하면서, 세상과 지식의 관계, 지식에 접근하는 방법을 이해할 수 있게 안내한다.",493,
9788960164840,"보물상자 꼬마전래동화 시리즈. 제6회 한국출판문화대상 대형 기획물 수상작. 아동문학 전문가와 유아교육 전문가들이 아이들의 인성과 감성, 사회성 발달을 도울 수 있도록 엄선하여 뽑은 이야기들로 구성되어 있다.",317,
9788960164291,"보물상자 꼬마전래동화 시리즈. 제6회 한국출판문화대상 대형 기획물 수상작. 아동문학 전문가와 유아교육 전문가들이 아이들의 인성과 감성, 사회성 발달을 도울 수 있도록 엄선하여 뽑은 이야기들로 구성되어 있다.",284,
9788960164635,"보물상자 꼬마전래동화 시리즈. 제6회 한국출판문화대상 대형 기획물 수상작. 아동문학 전문가와 유아교육 전문가들이 아이들의 인성과 감성, 사회성 발달을 도울 수 있도록 엄선하여 뽑은 이야기들로 구성되어 있다.",131,
9788960164369,"보물상자 꼬마전래동화 시리즈. 제6회 한국출판문화대상 대형 기획물 수상작. 아동문학 전문가와 유아교육 전문가들이 아이들의 인성과 감성, 사회성 발달을 도울 수 있도록 엄선하여 뽑은 이야기들로 구성되어 있다.",322,
9788960164703,"보물상자 꼬마전래동화 시리즈. 제6회 한국출판문화대상 대형 기획물 수상작. 아동문학 전문가와 유아교육 전문가들이 아이들의 인성과 감성, 사회성 발달을 도울 수 있도록 엄선하여 뽑은 이야기들로 구성되어 있다.",212,
9788960164451,"보물상자 꼬마전래동화 시리즈. 제6회 한국출판문화대상 대형 기획물 수상작. 아동문학 전문가와 유아교육 전문가들이 아이들의 인성과 감성, 사회성 발달을 도울 수 있도록 엄선하여 뽑은 이야기들로 구성되어 있다.",264,
9788960164482,"보물상자 꼬마전래동화 시리즈. 제6회 한국출판문화대상 대형 기획물 수상작. 아동문학 전문가와 유아교육 전문가들이 아이들의 인성과 감성, 사회성 발달을 도울 수 있도록 엄선하여 뽑은 이야기들로 구성되어 있다.",285,
9788960164574,"보물상자 꼬마전래동화 시리즈. 제6회 한국출판문화대상 대형 기획물 수상작. 아동문학 전문가와 유아교육 전문가들이 아이들의 인성과 감성, 사회성 발달을 도울 수 있도록 엄선하여 뽑은 이야기들로 구성되어 있다.",252,
9788960164413,"보물상자 꼬마전래동화 시리즈. 제6회 한국출판문화대상 대형 기획물 수상작. 아동문학 전문가와 유아교육 전문가들이 아이들의 인성과 감성, 사회성 발달을 도울 수 있도록 엄선하여 뽑은 이야기들로 구성되어 있다.",290,
9788960164345,"보물상자 꼬마전래동화 시리즈. 제6회 한국출판문화대상 대형 기획물 수상작. 아동문학 전문가와 유아교육 전문가들이 아이들의 인성과 감성, 사회성 발달을 도울 수 있도록 엄선하여 뽑은 이야기들로 구성되어 있다.",298,
9788960164819,"보물상자 꼬마전래동화 시리즈. 제6회 한국출판문화대상 대형 기획물 수상작. 아동문학 전문가와 유아교육 전문가들이 아이들의 인성과 감성, 사회성 발달을 도울 수 있도록 엄선하여 뽑은 이야기들로 구성되어 있다.",260,
9788960164734,"보물상자 꼬마전래동화 시리즈. 제6회 한국출판문화대상 대형 기획물 수상작. 아동문학 전문가와 유아교육 전문가들이 아이들의 인성과 감성, 사회성 발달을 도울 수 있도록 엄선하여 뽑은 이야기들로 구성되어 있다.",208,
9788960164536,"보물상자 꼬마전래동화 시리즈. 아동문학 전문가와 유아교육 전문가들이 아이들의 인성과 감성, 사회성 발달을 도울 수 있도록 엄선하여 뽑은 이야기들로 구성되어 있다.",245,"한국출판문화대상,수상작,세종,전문가,대형,정지영,김향이,기획물,제6회,어린이를 위한 고전,인성,유아교육,엄선,아이들,아동문학,시리즈,사회성,보물상자,발달,꼬마전래동화,구성,감성"
9788960164284,"보물상자 꼬마전래동화 시리즈. 제6회 한국출판문화대상 대형 기획물 수상작. 아동문학 전문가와 유아교육 전문가들이 아이들의 인성과 감성, 사회성 발달을 도울 수 있도록 엄선하여 뽑은 이야기들로 구성되어 있다.",348,
9788960164505,"보물상자 꼬마전래동화 시리즈. 제6회 한국출판문화대상 대형 기획물 수상작. 아동문학 전문가와 유아교육 전문가들이 아이들의 인성과 감성, 사회성 발달을 도울 수 있도록 엄선하여 뽑은 이야기들로 구성되어 있다.",220,
9788960164444,"보물상자 꼬마전래동화 시리즈. 제6회 한국출판문화대상 대형 기획물 수상작. 아동문학 전문가와 유아교육 전문가들이 아이들의 인성과 감성, 사회성 발달을 도울 수 있도록 엄선하여 뽑은 이야기들로 구성되어 있다.",221,
9788960164680,"보물상자 꼬마전래동화 시리즈. 제6회 한국출판문화대상 대형 기획물 수상작. 아동문학 전문가와 유아교육 전문가들이 아이들의 인성과 감성, 사회성 발달을 도울 수 있도록 엄선하여 뽑은 이야기들로 구성되어 있다.",151,
9788960164611,"보물상자 꼬마전래동화 시리즈. 제6회 한국출판문화대상 대형 기획물 수상작. 아동문학 전문가와 유아교육 전문가들이 아이들의 인성과 감성, 사회성 발달을 도울 수 있도록 엄선하여 뽑은 이야기들로 구성되어 있다.",225,
9788960164567,"보물상자 꼬마전래동화 시리즈. 아동문학 전문가와 유아교육 전문가들이 아이들의 인성과 감성, 사회성 발달을 도울 수 있도록 엄선하여 뽑은 이야기들로 구성되어 있다.",231,
9788960164857,"보물상자 꼬마전래동화 시리즈. 제6회 한국출판문화대상 대형 기획물 수상작. 아동문학 전문가와 유아교육 전문가들이 아이들의 인성과 감성, 사회성 발달을 도울 수 있도록 엄선하여 뽑은 이야기들로 구성되어 있다.",249,
9788960164406,"보물상자 꼬마전래동화 시리즈. 제6회 한국출판문화대상 대형 기획물 수상작. 아동문학 전문가와 유아교육 전문가들이 아이들의 인성과 감성, 사회성 발달을 도울 수 있도록 엄선하여 뽑은 이야기들로 구성되어 있다.",255,
9788960164376,"보물상자 꼬마전래동화 시리즈. 제6회 한국출판문화대상 대형 기획물 수상작. 아동문학 전문가와 유아교육 전문가들이 아이들의 인성과 감성, 사회성 발달을 도울 수 있도록 엄선하여 뽑은 이야기들로 구성되어 있다.",255,
9788960164321,"보물상자 꼬마전래동화 시리즈. 제6회 한국출판문화대상 대형 기획물 수상작. 아동문학 전문가와 유아교육 전문가들이 아이들의 인성과 감성, 사회성 발달을 도울 수 있도록 엄선하여 뽑은 이야기들로 구성되어 있다.",298,
9788960164437,"보물상자 꼬마전래동화 시리즈. 제6회 한국출판문화대상 대형 기획물 수상작. 아동문학 전문가와 유아교육 전문가들이 아이들의 인성과 감성, 사회성 발달을 도울 수 있도록 엄선하여 뽑은 이야기들로 구성되어 있다.",369,
9788960164697,"보물상자 꼬마전래동화 시리즈. 제6회 한국출판문화대상 대형 기획물 수상작. 아동문학 전문가와 유아교육 전문가들이 아이들의 인성과 감성, 사회성 발달을 도울 수 있도록 엄선하여 뽑은 이야기들로 구성되어 있다.",142,
9788960164628,"보물상자 꼬마전래동화 시리즈. 제6회 한국출판문화대상 대형 기획물 수상작. 아동문학 전문가와 유아교육 전문가들이 아이들의 인성과 감성, 사회성 발달을 도울 수 있도록 엄선하여 뽑은 이야기들로 구성되어 있다.",268,
9788960164581,"보물상자 꼬마전래동화 시리즈. 제6회 한국출판문화대상 대형 기획물 수상작. 아동문학 전문가와 유아교육 전문가들이 아이들의 인성과 감성, 사회성 발달을 도울 수 있도록 엄선하여 뽑은 이야기들로 구성되어 있다.",212,
9788960164420,"보물상자 꼬마전래동화 시리즈. 제6회 한국출판문화대상 대형 기획물 수상작. 아동문학 전문가와 유아교육 전문가들이 아이들의 인성과 감성, 사회성 발달을 도울 수 있도록 엄선하여 뽑은 이야기들로 구성되어 있다.",307,
9788960164659,"보물상자 꼬마전래동화 시리즈. 제6회 한국출판문화대상 대형 기획물 수상작. 아동문학 전문가와 유아교육 전문가들이 아이들의 인성과 감성, 사회성 발달을 도울 수 있도록 엄선하여 뽑은 이야기들로 구성되어 있다.",177,
9788960164710,"보물상자 꼬마전래동화 시리즈. 제6회 한국출판문화대상 대형 기획물 수상작. 아동문학 전문가와 유아교육 전문가들이 아이들의 인성과 감성, 사회성 발달을 도울 수 있도록 엄선하여 뽑은 이야기들로 구성되어 있다.",287,
9788960164772,"보물상자 꼬마전래동화 시리즈. 제6회 한국출판문화대상 대형 기획물 수상작. 아동문학 전문가와 유아교육 전문가들이 아이들의 인성과 감성, 사회성 발달을 도울 수 있도록 엄선하여 뽑은 이야기들로 구성되어 있다.",167,
9788960164802,"보물상자 꼬마전래동화 시리즈. 제6회 한국출판문화대상 대형 기획물 수상작. 아동문학 전문가와 유아교육 전문가들이 아이들의 인성과 감성, 사회성 발달을 도울 수 있도록 엄선하여 뽑은 이야기들로 구성되어 있다.",213,
9788960164543,"보물상자 꼬마전래동화 시리즈. 아동문학 전문가와 유아교육 전문가들이 아이들의 인성과 감성, 사회성 발달을 도울 수 있도록 엄선하여 뽑은 이야기들로 구성되어 있다.",174,
9788960164383,"보물상자 꼬마전래동화 시리즈. 제6회 한국출판문화대상 대형 기획물 수상작. 아동문학 전문가와 유아교육 전문가들이 아이들의 인성과 감성, 사회성 발달을 도울 수 있도록 엄선하여 뽑은 이야기들로 구성되어 있다.",330,
9788960164604,"보물상자 꼬마전래동화 시리즈. 제6회 한국출판문화대상 대형 기획물 수상작. 아동문학 전문가와 유아교육 전문가들이 아이들의 인성과 감성, 사회성 발달을 도울 수 있도록 엄선하여 뽑은 이야기들로 구성되어 있다.",171,
9788960164314,"보물상자 꼬마전래동화 시리즈. 제6회 한국출판문화대상 대형 기획물 수상작. 아동문학 전문가와 유아교육 전문가들이 아이들의 인성과 감성, 사회성 발달을 도울 수 있도록 엄선하여 뽑은 이야기들로 구성되어 있다.",291,
9788960164796,"보물상자 꼬마전래동화 시리즈. 제6회 한국출판문화대상 대형 기획물 수상작. 아동문학 전문가와 유아교육 전문가들이 아이들의 인성과 감성, 사회성 발달을 도울 수 있도록 엄선하여 뽑은 이야기들로 구성되어 있다.",142,
9788960164475,"보물상자 꼬마전래동화 시리즈. 제6회 한국출판문화대상 대형 기획물 수상작. 아동문학 전문가와 유아교육 전문가들이 아이들의 인성과 감성, 사회성 발달을 도울 수 있도록 엄선하여 뽑은 이야기들로 구성되어 있다.",245,
9788960164499,"보물상자 꼬마전래동화 시리즈. 제6회 한국출판문화대상 대형 기획물 수상작. 아동문학 전문가와 유아교육 전문가들이 아이들의 인성과 감성, 사회성 발달을 도울 수 있도록 엄선하여 뽑은 이야기들로 구성되어 있다.",258,
9788960164277,"보물상자 꼬마전래동화 시리즈. 제6회 한국출판문화대상 대형 기획물 수상작. 아동문학 전문가와 유아교육 전문가들이 아이들의 인성과 감성, 사회성 발달을 도울 수 있도록 엄선하여 뽑은 이야기들로 구성되어 있다.",575,
9788960164864,"보물상자 꼬마전래동화 시리즈. 제6회 한국출판문화대상 대형 기획물 수상작. 아동문학 전문가와 유아교육 전문가들이 아이들의 인성과 감성, 사회성 발달을 도울 수 있도록 엄선하여 뽑은 이야기들로 구성되어 있다.",295,
9788960164307,"보물상자 꼬마전래동화 시리즈. 제6회 한국출판문화대상 대형 기획물 수상작. 아동문학 전문가와 유아교육 전문가들이 아이들의 인성과 감성, 사회성 발달을 도울 수 있도록 엄선하여 뽑은 이야기들로 구성되어 있다.",363,
9788960164727,"보물상자 꼬마전래동화 시리즈. 제6회 한국출판문화대상 대형 기획물 수상작. 아동문학 전문가와 유아교육 전문가들이 아이들의 인성과 감성, 사회성 발달을 도울 수 있도록 엄선하여 뽑은 이야기들로 구성되어 있다.",211,"한국출판문화대상,수상작,세종,서강옥,어린이를 위한 고전,전문가,대형,정유리,기획물,제6회,유아교육,엄선,인성,아이들,아동문학,시리즈,사회성,보물상자,발달,꼬마전래동화,구성,감성"
9788960164352,"보물상자 꼬마전래동화 시리즈. 제6회 한국출판문화대상 대형 기획물 수상작. 아동문학 전문가와 유아교육 전문가들이 아이들의 인성과 감성, 사회성 발달을 도울 수 있도록 엄선하여 뽑은 이야기들로 구성되어 있다.",318,
9788927207023,,297,
9788927206712,,189,
9788927206620,,361,
9791186298848,쌍둥이 남매 연두와 솔이에게 귀여운 동생이 생길 거래요.엄마가 아기를 낳는 동안 연두와 솔이는 하루 친구가 되어 준 공룡 마이아와 놀아요.친구들에게 어떤 일이 일어날까요?,602,
9788927207078,,330,
9788927206521,,289,
9788927206828,,307,
9791186298824,기똥찬과 우쭈물은 단짝 친구예요.그런데 둘이 방방 뛰기를 하다가우쭈물의 정강이뼈에 금이 갔어요.우쭈물의 다리는 괜찮을까요?키가 안 크는 건 아니겠지요?,1005,
9788927207054,,364,
9788927206781,,151,
9788963835839,,272,
9788927206903,,115,
9791186298770,"새봄이가 감기에 걸려서 훌쩍훌쩍,우는 코가 되었네요.그런데 마침 웃는 코 병원의 코요미 박사를 만났어요.코요미 박사는 새봄이의 우는 코를 웃는 코로 만들어 줄 수 있을까요?",821,
9788927206842,,184,
9791185721507,"자유와 책임감! 규칙을 지키지 않으면 모두가 불편해져요.그때부터 공연장은 난리가 벌어졌어요. 춤을 추던 피기가 강빈이와 부닥쳐 넘어졌고, 동물 친구들도 그 때문에 우르르 줄지어 넘어져 버렸어요. 강빈이는 너무 놀라서 그만 울음을 터뜨렸어요.",573,
9788963835129,여러 사람이 더불어 살아가는 사회에선 함께 지켜야 하는 공공예절이란 게 있지요. 아이에게 공공 예절의 중요성을 어떻게 설명할까요? 또 이런 저런 이유로 공공 예절을 지키지 못하는 경우는 어떻게 해야 할까요? 대원이의 방귀이야기를 통해 유쾌한 마음으로 공공예절을 생각해봐요,2327,
9788927206682,,159,
9788927206576,,226,
9788927206934,,512,
9788927206965,,281,
9788927207009,,277,
9791185721521,"도전하는 마음겁내지 말고, 자신감을 가지고 도전해요. “하하하, 네가 사냥하다니! 더 이상 주워 먹을 게 없나 보지?” 까비는 사냥한 토끼를 흔들며 루비를 비웃었어요. 루비는 자존심이 몹시 상했어요.",406,
9791185721668,"다른 사람을 돕는 마음은 꽃보다 아름다워요!“모두들 여기 모여서 뭐 해요?” 클라우디아 할머니가 커다란 가방을 가지고 나타났어요. “참! 제니, 보내 준 케이크 맛있게 잘 먹었어요. 그리고, 하마 아저씨가 달걀 고맙대요.” 클라우디아 할머니의 말에 제니 아줌마도 암탉 아주머니도 깜짝 놀랐어요.",235,
9791186298800,알쏭달쏭 별에 사는 마구머거 대장과 그의 딸 또머거가 우주선을 타고 가다 별똥별에 부딪혀 지구의 아이스크림 공장에 떨어졌어요.이들에게 어떤 일이 벌어질까요?,1213,
9788927207108,,371,
9788963835990,건이와 강이는 호흡기 감염병에 대해 궁금한 게 많아요.건강에 대해 무엇이든 알려 주는 마스콩이건이와 강이를 도우러 왔어요.마스콩과 함께 호흡기 감염병에 대해이모저모 알아보아요.책 안에 붙임딱지가 들어있어요.,134,
9788963835105,아이들마다 성격은 다 다르지요. 자시 기분을 잘 표현하는 아이. 자기생각을 좀처럼 드러내지 않는 아이. 아이에게 사람의 성격은 이렇게 다 다르고 그걸 이해해야 한다는 것을 어떻게 알려 줄 수 있을까요?  외향적인 소민이와 내성적인 지아의 갈등을 통해서 나와 다른 사람을 이해하는 방법을 생각해 보게 하는...,2142,
9788927207115,,486,
9788927206804,,172,
9788963835822,,256,
9788927206637,,145,
9788927207092,,222,
9788927206538,,355,
9791186298862,"꼬꼬마 스파이 코로나 바이러스가 어느 날 살금살금 사람 몸으로 들어갔어요.자기하고 똑같은 쌍둥이 바이러스를 마구마구 만들어 내자, 사람들은 “에취!” 기침하고 펄펄 열이 났지요.하지만 코로나 바이러스가 꼼짝 못 하는 것이 있다네요!과연 그것이 무엇일까요?",1062,
9788927207030,,255,
9788927206545,,359,
9791185721729,무럭무럭 인성동화 시리즈. 호랑이는 호수를 들여다보자 호수에 큰 그림자가 나타났다. 호랑이는 사실은 제 그림자인 줄도 모르고 호수로 뛰어들어 눈고양이와 싸움을 벌인다. 위험한 일이 생겨도 지혜롭게 대처하는 능력을 키울 수 있다.,461,
9791186298831,다루와 해솔이는 같은 태권도 학원에 다녀요.다툴 때도 있지만 친한 친구예요.그런데 아웅다웅하다가 그만해솔이 피부에 상처가 났어요.이제 다루는 어떻게 하면 좋을까요?,687,
9788927206767,,172,
9791185721293,"두려운 마음 극복한밤중이었어요. “송이야, 나랑 놀자.” 잠에서 깨어보니 도깨비가 옆에 있었어요. “엄마야!” 송이는 너무 놀라서 이불에다 그만 오줌을 싸고 말았답니다.",554,
9791185721651,"우리 집은 정말 소중해요.엄마는 이사 온 집을 닦고 또 닦았어요. “엄마, 이제 그만해도 되지 않아요?” 토랑이의 물음에 엄마가 대답했어요. “우리 집이니까 깨끗하게 살아야지.”",778,
9788927206569,,260,
9788927206798,,267,
9791185721347,무럭무럭 인성동화 시리즈 그림책. 우리 몸에 꼭 필요한 예방 주사를 잘 맞는 법을 푸돌이를 통해 배울 수 있다.,496,
9788963835112,"책의 앞쪽에서는 할아버지의 어린 시절 설날 풍경이, 책의 뒤쪽에서는 요즘 아이의 설날 풍경이 풍경화로 펼쳐집니다. 할아버지의 연과 아이의 연이 만나는 가운데 부분에서 할아버지로부터 아이에게로 담담하게 전해지는 전해지는 가족의 사랑이 따뜻한 느낌을 가지게 하는 이야기입니다.",1086,
9788927206972,,305,
9791186298855,,817,
9788963835099,아이에게 동생은 귀엽기도 하지만 귀찮기도 한 존재 아닐까요? 친구들이랑 놀러 나가고 싶은 도현이에게 동생 도엽이는 귀찮기만 한 존재였지만 친구들과 놀면서 생각이 좀 달라져가요. 도현이 마음을 따라가면서 자연스럽게 동생의 의미와 가치를 느끼도록 돕는 이야기에요,1652,
9791186298787,"초록 귀 병원의 다드러 박사는아이들이 다치지 않을까 늘 걱정이에요.간호사 펭귄 펭뽀를 시켜 아이들을 살펴보게 하는데저런, 두리가 모래 썰매를 타다 곤두박질쳤어요.다드러 박사와 펭뽀는 어떻게 할까요?",776,
9788927206989,,271,
9788927206996,,219,
9788927206910,,184,
9788927207085,,251,
9791186298794,우람이의 입에서 방귀 냄새가 난대요.소라의 말에 우람이는 팩 토라졌지만몽치의 말을 듣고 소근속닥 치과로 가요.우람이의 입안에서 무슨 일이 벌어진 걸까요?입 냄새는 없앨 수 있을까요?,973,
9788927206729,,278,
9791186298763,참나무 숲 근처의 반디꽃 안과에는아무도 모르는 비밀의 정원이 있어요.부엉이 보보 덕분에 반디꽃 안과로 가게 된하늘이와 다래는 비밀의 정원을 보게 될까요?,759,
9791185721286,욕심내지 않는 마음지나치게 욕심을 부리면 도리어 화를 입게 돼요. “선물이란 마음을 표시하는 것이요. 욕심이 과하면 복을 주어도 화를 당합니다.” 항아리 장수는 남은 항아리를 들고 휭하니 사라져 버렸답니다.,390,
9791185721392,형제를 배려하고 사랑할 줄 아는 아이동생의 장화가게에 손님이 없을 때면 스테파니 할머니가 찾아왔어요. “아이들이 신을 튼튼한 장화를 사러 왔네.” 할머니 덕분에 동생은 무사히 봄을 보낼 수 있었어요.,294,
9791165950712,,390,
9791165950743,,260,
9791165950675,,576,
9791128201615,,7,
9791165950873,,289,
9791128201479,,380,
9791165950729,,335,
9791157594375,"전통문화 그림책-우리 음식  21세기는 문화의 시대입니다. 21세기를 이끌어 갈 우리 어린이들에게 문화의 가치를 일깨워 주는 것, 그것이 바로 어린이들이 문화의 주역으로 자라는 데 가장 큰 힘이 될 것입니다. &lt;전통문화 그림책&gt;에는 오천 년 역사와 전통을 자랑하는 우리나라의 슬기롭고 뛰어난...",83,
9791165950651,,300,
9791165950507,,1145,
9791157594399,"전통문화그림책-우리 민속  21세기는 문화의 시대입니다. 21세기를 이끌어 갈 우리 어린이들에게 문화의 가치를 일깨워 주는 것, 그것이 바로 어린이들이 문화의 주역으로 자라는 데 가장 큰 힘이 될 것입니다. &lt;전통문화 그림책&gt;에는 오천 년 역사와 전통을 자랑하는 우리나라의 슬기롭고 뛰어난...",77,
9791157594412,"전통문화 그림책-우리 과학  21세기는 문화의 시대입니다. 21세기를 이끌어 갈 우리 어린이들에게 문화의 가치를 일깨워 주는 것, 그것이 바로 어린이들이 문화의 주역으로 자라는 데 가장 큰 힘이 될 것입니다. &lt;전통문화 그림책&gt;에는 오천 년 역사와 전통을 자랑하는 우리나라의 슬기롭고 뛰어난...",60,
9791165950521,,468,
9791188491490,,2,
9791128217418,,3000,
9791157594436,"전통문화 그림책-우리 음악  21세기는 문화의 시대입니다. 21세기를 이끌어 갈 우리 어린이들에게 문화의 가치를 일깨워 주는 것, 그것이 바로 어린이들이 문화의 주역으로 자라는 데 가장 큰 힘이 될 것입니다. &lt;전통문화 그림책&gt;에는 오천 년 역사와 전통을 자랑하는 우리나라의 슬기롭고 뛰어난...",44,
9791157594344,"[전통문화그림책 우리 집]  21세기는 문화의 시대입니다. 21세기를 이끌어 갈 우리 어린이들에게 문화의 가치를 일깨워 주는 것, 그것이 바로 어린이들이 문화의 주역으로 자라는 데 가장 큰 힘이 될 것입니다. &lt;전통문화 그림책&gt;에는 오천 년 역사와 전통을 자랑하는 우리나라의 슬기롭고 뛰어난 문화유산이...",91,
9791165950545,,431,
9791157594368,"전통문화 그림책-우리 옷  21세기는 문화의 시대입니다. 21세기를 이끌어 갈 우리 어린이들에게 문화의 가치를 일깨워 주는 것, 그것이 바로 어린이들이 문화의 주역으로 자라는 데 가장 큰 힘이 될 것입니다. &lt;전통문화 그림책&gt;에는 오천 년 역사와 전통을 자랑하는 우리나라의 슬기롭고 뛰어난 문화유산이...",74,
9791165950705,,245,
9791165950569,,460,
9791159420184,,3,
9791157594429,"전통문화그림책(전10권)  21세기는 문화의 시대입니다. 21세기를 이끌어 갈 우리 어린이들에게 문화의 가치를 일깨워 주는 것, 그것이 바로 어린이들이 문화의 주역으로 자라는 데 가장 큰 힘이 될 것입니다. &lt;전통문화 그림책&gt;에는 오천 년 역사와 전통을 자랑하는 우리나라의 슬기롭고 뛰어난 문화유산이...",48,
9791157594351,"전통문화 그림책-우리 땅  21세기는 문화의 시대입니다. 21세기를 이끌어 갈 우리 어린이들에게 문화의 가치를 일깨워 주는 것, 그것이 바로 어린이들이 문화의 주역으로 자라는 데 가장 큰 힘이 될 것입니다. &lt;전통문화 그림책&gt;에는 오천 년 역사와 전통을 자랑하는 우리나라의 슬기롭고 뛰어난 문화유산이...",55,
9791165950774,,316,
9791128201462,,219,
9791188491544,,1,
9791128201455,,338,
9791128201424,,196,
9791165950965,,22,
9791128217449,,3449,
9791157594382,"전통문화 그림책-우리 신화와 신앙  21세기는 문화의 시대입니다. 21세기를 이끌어 갈 우리 어린이들에게 문화의 가치를 일깨워 주는 것, 그것이 바로 어린이들이 문화의 주역으로 자라는 데 가장 큰 힘이 될 것입니다. &lt;전통문화 그림책&gt;에는 오천 년 역사와 전통을 자랑하는 우리나라의 슬기롭고 뛰어난...",57,
9791165431525,,9,
9791128208874,,748,
9791159420238,,12,
9791159420283,,10,
9791157590735,자신만만 사회성동화 자신감 쑥쑥! 자신만만! - 한국어린이교육문화연구원 으뜸책 선정  전권 무비펜 적용  자신감 있는 어린이가 되려면 어떻게 해야 할까요? 사회성 있는 멋진 친구가 될 수 있는 방법을 알아볼까요? 자신만만 사회성동화와 함께해요!  자신만만 사회성동화 05 예의 바른 어린이 사전...,133,
9791128202711,,2724,
9791165436469,,1920,
9791128214912,,1184,
9791157590780,"자신만만 사회성동화 자신감 쑥쑥! 자신만만! - 한국어린이교육문화연구원 으뜸책 선정  전권 무비펜 적용  자신감 있는 어린이가 되려면 어떻게 해야 할까요? 사회성 있는 멋진 친구가 될 수 있는 방법을 알아볼까요? 자신만만 사회성동화와 함께해요!  자신만만 사회성동화 10 괜찮아 엄마, 안 돼 엄마...",138,
9791128202698,,2151,
9791165436421,,1797,
9791128214905,,656,
9791128208768,,999,
9791165436322,,1886,
9791128214653,,918,
9791128202681,,2646,
9788992910880,,2,
9788992910811,,17,
9788961910279,,45,
9791165436391,,1614,
9791128214554,,1044,
9791165956325,,313,
9791159420368,,8,
9791159420337,,9,
9788992910897,,4,
9791159420252,,7,
9791165957278,,182,
9791128214431,,1021,
9791128208898,,1043,
9791159420276,,9,
9791165957216,,245,
9788992910866,,6,
9788962619225,더똑똑한사회씨가 들려주는 지구촌 이야기(세이펜 적용)  우리 주변에 다양한 친구들이 있듯이  지구촌에는 많은 사람들이 살고 있어.  각각 피부색도 다르고 언어도 다르지.  그중에는 가난한 사람도 있고  잘사는 사람도 있어.  이렇게 여러 사람들이 모여 살기 때문에  서로 싸우는 일이 생기기도 해.  하지만...,2294,
9791157590759,자신만만 사회성동화 자신감 쑥쑥! 자신만만! - 한국어린이교육문화연구원 으뜸책 선정  전권 무비펜 적용  자신감 있는 어린이가 되려면 어떻게 해야 할까요? 사회성 있는 멋진 친구가 될 수 있는 방법을 알아볼까요? 자신만만 사회성동화와 함께해요!  자신만만 사회성동화 07 너라면? 평소에 습관적으로...,132,
9791128214813,,762,
9788961910170,,97,
9791128202728,,2105,
9791159420290,,6,
9788961910088,,70,
9791157590742,자신만만 사회성동화 자신감 쑥쑥! 자신만만! - 한국어린이교육문화연구원 으뜸책 선정  전권 무비펜 적용  자신감 있는 어린이가 되려면 어떻게 해야 할까요? 사회성 있는 멋진 친구가 될 수 있는 방법을 알아볼까요? 자신만만 사회성동화와 함께해요!  자신만만 사회성동화 06 너는 이런 동생 있니?...,99,
9788992910804,,5,
9791128202704,,2025,
9788961910194,,58,
9788961910149,,66,
9791165436476,,1691,
9788992910859,,3,
9788992910835,,6,
9791159420214,,9,
9791159420221,,10,
9791128214486,,805,
9788992910842,,1,
9791159420207,,10,
9791159420344,,11,
9791128202735,,2439,
9791128214899,,1198,
9788992910873,,7,
9791159420269,,13,
9791128208614,,1150,
9791165956363,,118,
9791128202278,,4284,
9791128208935,,1591,
9788961910187,,36,
9791128202254,,3272,
9791128202810,,1952,
9788961910316,,96,
9791128208881,,1020,
9791165957032,,319,
9791165955915,,753,
9791128214363,,2167,
9788961910309,,65,
9791165957131,,293,
9791128202674,,2297,
9791165957193,,191,
9791128214387,,1577,
9791165436254,,2179,
9791165954819,,787,
9791165955045,,696,
9788963830919,"‘나’ 주제를 왜 가르쳐야 할까요?  유아기는 자신의 신체와 감정, 느낌에 대해 많은 관심과 호기심을 가지며 감각 기능, 운동 능력, 협응력과 같은 신체 능력이 발달하는 시기입니다. ‘나’에 대한 객관적이고 주관적인 탐색을 통해 남과 다른 자신만의 특별함을 알고, 자기를 사랑하는 마음을 키워 긍정적인...",150,
9791157594481,행복한 인성 꼴찌라도 괜찮아!  긍정적인 생각은 언제나 큰 힘을 발휘해요. 긍정적인 사람은 나쁜 결과가 나와도 다음번에는 더 잘할 것이라는 희망을 갖고 더욱더 노력하지요. 오늘보다 내일이 더 나을 것이라는 희망을 품고 달리는 새봄이처럼 긍정적인 사람이 되도록 노력해 보아요.  *아람출판사...,287,
9791165953171,,1192,
9791165954932,,651,
9791157594511,행복한 인성 동화  요리보다 더 중요한 것  인디언의 말에서 &#039;친구&#039;라는 단어는 &#039;내 슬픔을 짊어지고 가는 사람&#039;이라는 뜻이에요. 여러분이 누군가와 진정한 친구가 되려면  힘들고 어려울 때 곁에 있어 주며 따뜻한 마음으로 도와주는 사람이 되어야 해요. 야미와 토미가 진심으로...,100,
9788963830971,‘동식물과 자연’ 주제를 왜 가르쳐야 할까요?  2007년 개정된 새 유치원 교육과정에서는 인간과 자연을 존중하고 사랑하는 세계관을 강조하고 있습니다. ‘동식물과 자연’은 이에 가장 밀접하게 부합하는 주제로서 유아들이 자연이라는 큰 틀 안에서 호기심을 기르고 주변 세계를 탐색하며 자연을...,114,
9788963830896,"‘친구’ 주제를 왜 가르칠까요? 또래 관계는 유아들의 생활을 좌우하는 가장 중요한 변수입니다. 발달 수준이 비슷한 또래끼리는 쉽게 친해지기도 하지만, 제한된 경험과 자기중심적인 사고로 인해 갈등도 잦습니다. 유치원에서 경험하는 다면적인 친구 관계는 유아에게 바람직한 사회적 관계를 배우고, 대인...",283,
9788963830889,"‘유치원’ 주제를 왜 가르칠까요?  유치원은 유아들이 가정과는 다른 지속적인 사회생활에 첫발을 내딛는 곳입니다. 만 3세 유아들은 유치원에서 선생님이나 친구들과 새로운 관계를 맺는 과업을, 만 4~5세 유아는 또 다른 차원의 적응력, 주도성 확립, 사회적 문제해결력 등을 키워야 합니다. 유치원 생활의...",124,
9788963830773,‘동식물과 자연’ 주제를 왜 가르쳐야 할까요?  2007년 개정된 새 유치원 교육과정에서는 인간과 자연을 존중하고 사랑하는 세계관을 강조하고 있습니다. ‘동식물과 자연’은 이에 가장 밀접하게 부합하는 주제로서 유아들이 자연이라는 큰 틀 안에서 호기심을 기르고 주변 세계를 탐색하며 자연을 가까이하고...,156,
9788963830926,"‘가족’ 주제를 왜 가르쳐야 할까요? 유아들은 가족을 통해 가장 많은 영향을 주고받고, 가족 구성원으로서 자신의 역할, 바람직한 행동을 배우며 차차 책임감도 느끼게 됩니다. 특히 2007년 개정된 새 유치원 교육과정에서는 유아들에게 반편견, 다문화 교육과 양성평등 교육과 같은 새로운 가치관을 가장...",182,
9791165954918,,592,
9788963831022,"‘세계 여러 나라’ 주제를 왜 가르쳐야 할까요? 오늘날 세계는 국가 간 상호 이해와 의존이 확대되는 이른바 세계화 시대에 살고 있습니다. 유아기부터 우리나라 역사와 문화에 대한 긍지와 자부심을 갖추는 한편, 세계 여러 나라에 대해 관심을 가지며 다양한 문화를 이해하고 존중하는 세계 시민으로 자라나야...",90,
9788963831046,"‘지구와 우주’ 주제를 왜 가르쳐야 할까요? ‘지구와 우주’ 주제는 ‘세계 여러 나라’ 혹은 ‘환경’ 주제로부터 자연스럽게 확대될 수 있는 주제 개념입니다. 과학 기술의 발달은 지구 외의 행성에 대한 지속적인 탐사를 가능하게 하였고, 우주 과학 기술은 국가 경쟁력을 좌우하는 중요한 분야로...",159,
9788963831077,"‘겨울’ 주제를 왜 가르쳐야 할까요? 우리나라는 기온의 변화에 따른 사계절의 흐름 속에서 생활하게 되므로 계절은 유아가 살아가는 시공간적 배경이 됩니다. 계절의 변화에 따라 자연과 날씨, 우리들의 생활 모습 등이 자연히 달라지므로 계절이 대한 충분한 이해는 유아들의 건강한 일상생활을 위해서도...",206,
9788963830810,"‘건강과 안전’ 주제를 왜 가르쳐야 할까요? 유아는 심신이 건강한 상태에서 안전이 유지되고, 다른 사람들과 안정적인 정서 관계에 있을 대 가장 행복하고 효과적인 학습과 성장을 이룹니다. 최근 개개인의 건강과 안전을 저해하는 외부 위험 요소들은 유아들의 기본적인 생존을 위협하고 있습니다. 건강과...",103,
9788963830803,"‘여름’ 주제를 왜 가르쳐야 할까요? 우리나라는 기온의 변화에 따른 사계절의 흐름 속에서 생활하게 되므로 계절은 유아가 살아가는 시&#8226;공간적 배경이 됩니다. 계절의 변화에 따라 자연과 날씨, 우리들의 생활 모습 등이 자연히 달라지므로 계절에 대한 충분한 이해는 유아들의 건강한 일상생활을...",122,
9788963830780,‘동식물과 자연’ 주제를 왜 가르쳐야 할까요?  2007년 개정된 새 유치원 교육과정에서는 인간과 자연을 존중하고 사랑하는 세계관을 강조하고 있습니다. ‘동식물과 자연’은 이에 가장 밀접하게 부합하는 주제로서 유아들이 자연이라는 큰 틀 안에서 호기심을 기르고 주변 세계를 탐색하며 자연을...,92,
9788963830575,"‘가족’ 주제를 왜 가르쳐야 할까요?  유아들은 가족을 통해 가장 많은 영향을 주고받고, 가족 구성원으로서 자신의 역할, 바람직한 행동을 배우며 차차 책임감도 느기게 됩니다. 특히 2007년 개정된 새 유치원 교육과정에서는 유아들에게 반편견, 다문화 교육과 양성평등 교육과 같은 새로운 가치관을 가장...",204,
9791165954895,,710,
9791165954963,,624,
9791165955076,,644,
9788963830698,"‘겨울’ 주제를 왜 가르쳐야 할까요? 우리나라는 기온의 변화에 따른 사계절의 흐름 속에서 생활하게 되므로 계절은 유아가 살아가는 시&#8226;공간적 배경이 됩니다. 계절의 변화에 따라 자연과 날씨, 우리들의 생활 모습 등이 자연히 달라지므로 계절에 대한 충분한 이해는 유아들의 건강한 일상생활을...",104,
9788963830865,"‘환경과 생활’ 주제를 왜 가르쳐야 할까요? 유아들에게 ‘환경’ 주제는 주어진 환경을 탐색하고 환경과 생활과의 관계를 이해하며 친숙해지는 것으로 시작하여 차차 과학적 개념을 갖는 방향으로 나아가는 것이 바람직합니다. 환경오염 등의 여러 폐해로부터 자연과 자원 보존에 대한 필요성을 알고, 생활...",125,
9791165954994,,590,
9788963830766,"‘우리 동네’ 주제를 왜 가르쳐야 할까요?  유아들의 생활 범위가 점차 넓어지면서 다양한 우리 동네의 장소나 기관, 서로 다른 일을 하는 사람들을 만나는 경험을 하게 됩니다. 사람들이 하는 일이나 역할, 기관과 기능 등에 대한 관심은 유아에게 자신이 사회의 구성원이며, 다른 사람들과 함께 살아가는...",256,
9788963831060,"‘겨울’ 주제를 왜 가르쳐야 할까요?  우리나라는 기온의 변화에 따른 사계절의 흐름 속에서 생활하게 되므로 계절은 유아가 살아가는 시&#8226;공간적 배경이 됩니다. 계절의 변화에 따라 자연과 날씨, 우리들의 생활 모습 등이 자연히 달라지므로 계절에 대한 충분한 이해는 유아들의 건강한 일상생활을...",55,
9791165954710,,715,
9788963830742,"‘봄’ 주제를 왜 가르쳐야 할까요? 우리나라는 기온의 변화에 따른 사계절의 흐름 속에서 생활하게 되므로 계절은 유아가 살아가는 시ㆍ공간적 배경이 됩니다. 계절의 변화에 따라 자연과 날씨, 우리들의 생활 모습 등이 자연히 달라지므로 계절에 대한 충분한 이해는 유아들의 건강한 일상생활을 위해서도...",206,
9791165954697,,650,
9788963830568,"‘나’ 주제를 왜 가르쳐야 할까요? 유아기는 자신의 신체와 감정, 느낌에 대해 많은 관심과 호기심을 가지며 감각 기능, 운동 능력, 협응력과 같은 신체 능력이 발달하는 시기입니다. ‘나’에 대한 객관적이고 주관적인 탐색을 통해 남과 다른 자신만의 특별함을 알고, 자기를 사랑하는 마음을 키워 긍정적인...",211,
9791157594467,"행복한 인성  공주님, 왕자님! 약속을 지켜 주세요.  약속이 없는 사회를 상상해 본 적이 있나요? 여러 사람이 함께 살기 위해서는 공통의 규칙이 필요해요. 약속은 질서 있는 사회의 기본 예절이지요. 약속을 지키지 않는 왕자님과 공주님 때문에 고생하는 요정들의 고민을 들어 보며 약속을 지키는 것이...",149,
9791165955021,,513,
9791165955052,,646,
9791165954789,,890,
9791165954642,,1153,
9791165954925,,644,
9791165955625,,137,
9791165954987,,383,
9791165954796,,622,
9791157594535,행복한 인성 동화  행복을 나누어 주는 분홍이  나누면 기쁨이 두 배가 된다는 말이 있어요. 풍요로운 마음은 나누어 줄수록 더 부자가 되는 것을 아는 마음이지요. 다 나누어 주는데 어떻게 더 부자가 될 수 있냐고요? 외로웠던 분홍이가 행복해지는 과정을 읽어 보세요. 나눔의 즐거움을 깨달을 수...,102,
9791165954956,,335,
9791165954949,,570,
9791165954826,,594,
9788963830674,"‘환경과 생활’ 주제를 왜 가르쳐야 할까요? 유아들에게 ‘환경’주제는 주어진 환경을 탐색하고 환경과 생활과의 관계를 이해하며 친숙해지는 것으로 시작하여 차차 과학적 개념을 갖는 방향으로 나아가는 것이 바람직합니다. 환경오염 등의 여러 폐해로부터 자연과 자원 보존에 대한 필요성을 알고, 생활...",174,
9791165955007,,499,
9791157594498,행복한 인성  세상에서 제일 특별한 수프  우리는 서로 힘과 생각을 모으는 협동을 통해 혼자서는 하기 어려운 많은 일들을 해낼 수 있어요. 함께 힘을 합쳐 어려운 문제를 해결하면 모두에게 커다란 만족과 보람을 가져다줄 거예요. 여섯 마리의 고양이가 서로 어떻게 도와 훌륭한 일을 해냈는지...,114,
9788963830605,‘동식물과 자연’ 주제를 왜 가르쳐야 할까요?  2007년 개정된 새 유치원 교육과정에서는 인간과 자연을 존중하고 사랑하는 세계관을 강조하고 있습니다. ‘동식물과 자연’은 이에 가장 밀접하게 부합하는 주제로서 유아들이 자연이라는 큰 틀 안에서 호기심을 기르고 주변 세계를 탐색하며 자연을...,136,
9791157594450,행복한 인성 동화  치코가 버릇이 없다고?  예절은 상대방의 상황과 기분을 이해하며 존경을 나타내는 말이나 행동을 갖추는 것을 말해요. 일상생활에서 우리가 지켜야 할 예절에는 어떤 것이 있을까요? 치코와 함께 예의 바른 어린이가 되려면 어떻게 해야 하는지 알아보아요.  *아람출판사 제공 www....,128,
9788963830964,‘동식물과 자연’ 주제를 왜 가르쳐야 할까요?  2007년 개정된 새 유치원 교육과정에서는 인간과 자연을 존중하고 사랑하는 세계관을 강조하고 있습니다. ‘동식물과 자연’은 이에 가장 밀접하게 부합하는 주제로서 유아들이 자연이라는 큰 틀 안에서 호기심을 기르고 주변 세계를 탐색하며 자연을...,114,
9788963830582,"‘봄’ 주제를 왜 가르쳐야 할까요? 우리나라는 기온의 변화에 따른 사계절의 흐름 속에서 생활하게 되므로 계절은 유아가 살아가는 시ㆍ공간적 배경이 됩니다. 계절의 변화에 따라 자연과 날씨, 우리들의 생활 모습 등이 자연히 달라지므로 계절에 대한 충분한 이해는 유아들의 건강한 일상생활을 위해서도...",220,
9788963831015,"‘생활 도구’ 주제를 왜 가르쳐야 할까요?  현재 우리들의 생활은 이전보다 훨씬 다양한 기계와 도구들에 의해 영향을 받고 있습니다. 유아들은 ‘생활 도구’ 주제를 통해 주변의 다양한 도구와 기계들에 대한 기본적인 지식과 이해를 배우고, 도구를 움직이는 힘에 대해 탐색해 보면, 목적에 맞는 생활 도구를...",103,
9791165954703,,745,
9788963830711,"‘친구’ 주제를 왜 가르쳐야 할까요?  또래 관계는 유아들의 생활을 좌우하는 가장 중요한 변수입니다. 발달 수준이 비슷한 또래끼리는 쉽게 친해지기도 하지만, 제한된 경험과 자기중심적인 사고로 인해 갈등도 잦습니다. 유치원에서 경험하는 다면적인 친구 관계는 유아에게 바람직한 사회적 관계를 배우고...",127,
9788963830650,‘우리나라’ 주제를 왜 가르쳐야 할까요? ‘우리나라’ 주제는 유아들에게 일찍부터 우리나라 국민으로서의 정체성과 자긍심을 길러 주되 국수주의나 민족주의로 의식이 편중되지 않는 다문화적인 가치관과 역사관을 심어주기에 가장 좋은 주제입니다. 2007년 개정된 새 유치원 교육과정은 전 영역에 걸쳐...,224,
9791165954888,,724,
9791157594474,행복한 인성동화   누가 원님이 되었을까?  다른 사람과 더불어 살아가기 위해서는 정직한 마음을 가져야 해요. 자신의 행동에 늘 정직하고 진실을 이야기할 때 서로를 믿고 의지할 수 있지요. 대나무골에서 원님을 뽑는 시험이 열린대요. 마을 사람들은 어떤 사람을 원님으로 뽑을까요?  *아람출판사...,108,
9788963830636,"‘교통 기관’ 주제를 왜 가르쳐야 할까요? 현대 사회에서 교통수단은 우리 생활에 많은 변화를 주고 있으며, 컴퓨터 등의 신기술이 접목되면서 빠르게 변화하고 있습니다. 유아들의 생활에서도 교통 기관은 매일 경험하는 보편적인 것으로, 올바르고 안전하게 이용할 수 있도록 지도하는 것은 꼭 필요합니다....",186,
9791165954666,,1011,
9788963831053,"‘환경과 생활’ 주제를 왜 가르쳐야 할까요?  유아들에게 ‘환경’ 주제는 주어진 환경을 탐색하고 환경과 생활과의 관계를 이해하며 친숙해지는 것으로 시작하여 차차 과학적 개념을 갖는 방향으로 나아가는 것이 바람직합니다. 환경오염 등의 여러 폐해로부터 자연과 자원 보존에 대한 필요성을 알고, 생활...",140,
9788963830643,"‘생활 도구’ 주제를 왜 가르쳐야 할까요?  현재 우리들의 생활은 이전보다 훨씬 다양한 기계와 도구들에 의해 영향을 받고 있습니다. 유아들은 ‘생활 도구’ 주제를 통해 주변의 다양한 도구와 기계들에 대한 기본적인 지식과 이해를 배우고, 도구를 움직이는 힘에 대해 탐색해 보면, 목적에 맞는 생활 도구를...",126,
9788963830599,"‘우리 동네’ 주제를 왜 가르쳐야 할까요?  유아들의 생활 범위가 점차 넓어지면서 다양한 우리 동네의 장소나 기관, 서로 다른 일을 하는 사람들을 만나는 경험을 하게 됩니다. 사람들이 하는 일이나 역할, 기관과 기능 등에 대한 관심은 유아에게 자신이 사회의 구성원이며, 다른 사람들과 함께 살아가는...",239,
9788963830988,"‘여름’ 주제를 왜 가르쳐야 할까요?  우리 나라는 기온의 변화에 따른 사계정&#47504; 흐름 속에서 생활하게 되므로 계절은 유아가 살아가는 시공간적 배경이 됩니다. 계절의 변화에 따라 자연과 날씨, 우리들의 생활 모습 등이 자연히 달라지므로 계절에 대한 충분한 이해는 유아들의 건강한 일상생활을...",115,
9788963830667,"‘가을’ 주제를 왜 가르쳐야 할까요? 우리나라는 기온의 변화에 따른 사계절의 흐름 속에서 생활하게 되므로 계절은 유아가 살아가는 시ㆍ공간적 배경이 됩니다. 계절의 변화에 따라 자연과 날씨, 우리들의 생활 모습 등이 자연히 달라지므로 계절에 대한 충분한 이해는 유아들의 건강한 일상생활을 위해서도...",266,
9791165953270,,964,
9788963830940,"‘우리 동네’ 주제를 왜 가르쳐야 할까요? 유아들의 생활 범위가 점차 넓어지면서 다양한 우리 동네의 장소나 기관, 서로 다른 일을 하는 사람들을 만나는 경험을 하게 됩니다. 사람들이 하는 일이나 역할, 기관과 기능 등에 대한 관심은 유아에게 자신이 사회의 구성원이며, 다른 사람들과 함께 살아가는...",164,
9791165954659,,912,
9788963830612,"‘여름’ 주제를 왜 가르쳐야 할까요? 우리 나라는 기온의 변화에 따른 사계절의 흐름 속에서 생활하게 되므로 계절은 유아가 살아가는 시공간적 배경이 됩니다. 계절의 변화에 따라 자연과 날씨, 우리들의 생활 모습 등이 자연히 달라지므로 계절에 대한 충분한 이해는 유아들의 건강한 일상생활을 위해서도...",163,
9791165954901,,506,
9791165954802,,676,
9788963831039,"‘가을’ 주제를 왜 가르쳐야 할까요? 우리나라는 기온의 변화에 따른 사계절의 흐름 속에서 생활하게 되므로 계절은 유아가 살아가는 시ㆍ공간적 배경이 됩니다. 계절의 변화에 따라 자연과 날씨, 우리들의 생활 모습 등이 자연히 달라지므로 계절에 대한 충분한 이해는 유아들의 건강한 일상생활을 위해서도...",186,
9788963830704,"‘유치원’ 주제를 왜 가르쳐야 할까요?  유치원은 유아들이 가정과는 다른 지속적인 사회생활에 첫발을 내딛는 곳입니다. 만 3세 유아들은 유치원에서 선생님이나 친구들과 새로운 관계를 맺는 과업을, 만 4~5세 유아는 또 다른 차원의 적응력, 주도성 확립, 사회적 문제해결력 등을 키워야 합니다. 유치원...",386,
9788963830797,"‘여름’ 주제를 왜 가르쳐야 할까요?  우리나라는 기온의 변화에 따른 사계절의 흐름 속에서 생활하게 되므로 계절은 유아가 살아가는 시&#8226;공간적 배경이 됩니다. 계절의 변화에 따라 자연과 날씨, 우리들의 생활 모습 등이 자연히 달라지므로 계절에 대한 충분한 이해는 유아들의 건강한 일상생활을...",117,
9791165954727,,882,
9791157594528,"행복한 인성 동화  뭉치야, 놀자!  나와 다르다는 이유로 누군가를 멀리하거나 무시했던 적이 있나요? &#039;다름&#039;보다 더 중요한 것은 우리 모두 존중받아야 할 소중한 존재라는 점이에요. 소외된 친구들에게 먼저 다가가 많은 관심과 사랑을 베풀어 보세요.  *아람출판사 제공 www.arambook.net",102,
9788963831008,"‘교통 기관’ 주제를 왜 가르쳐야 할까요? 현대 사회에서 교통수단은 우리 생활에 많은 변화를 주고 있으며, 컴퓨터 등의 신기술이 접목되면서 빠르게 변화하고 있습니다. 유아들의 생활에서도 교통 기관은 매일 경험하는 보편적인 것으로, 올바르고 안전하게 이용할 수 있도록 지도하는 것은 꼭 필요합니다....",141,
9791165955069,,611,
9791157595877,,843,
9791128211324,,5038,
9788998212780,,327,
9788998212834,,332,
9788967760090,,210,
9791157595846,,737,
9791157595853,,907,
9788998212803,,391,
9791128211447,,5217,
9788967760113,,307,
9788975253638,,6,
9791157596010,,842,
9791157595884,,721,
9791186298572,"[타요타요 비행기, 타요타요 배 특장점]1. 국내 최고 일러스트레이터들의 정교한 그림으로 가득 찬 비행기, 배 그림책!세계의 모든 군함과 호화 여객선, 군용 전투기와 헬기, 우주선 등 많은 탈것들이 실물과 비슷한 세밀한 그림으로 소개되어 아이들의 눈을 사로잡아요.2. 스토리텔링 방식으로 알기 쉽게 정리한 비행기, 배 그림책!세계의 전투기와 우주선, 군함 등의 특장점과 쓰임새를 이해하기 쉽게 스토리텔링 방식으로 풀어 설명했어요.3. 부록으로 심화 정보를 익힐 수 있는 비행기, 배 그림책!생생한 사진과 함께 다양한 비행기, 배 정보를 소개하여 아이들의 궁금증을 풀어 주어요.",285,
9791186298589,"[타요타요 비행기, 타요타요 배 특장점]1. 국내 최고 일러스트레이터들의 정교한 그림으로 가득 찬 비행기, 배 그림책!세계의 모든 군함과 호화 여객선, 군용 전투기와 헬기, 우주선 등 많은 탈것들이 실물과 비슷한 세밀한 그림으로 소개되어 아이들의 눈을 사로잡아요.2. 스토리텔링 방식으로 알기 쉽게 정리한 비행기, 배 그림책!세계의 전투기와 우주선, 군함 등의 특장점과 쓰임새를 이해하기 쉽게 스토리텔링 방식으로 풀어 설명했어요.3. 부록으로 심화 정보를 익힐 수 있는 비행기, 배 그림책!생생한 사진과 함께 다양한 비행기, 배 정보를 소개하여 아이들의 궁금증을 풀어 주어요.",205,
9791157595907,,761,
9791186298503,"[타요타요 비행기, 타요타요 배 특장점]1. 국내 최고 일러스트레이터들의 정교한 그림으로 가득 찬 비행기, 배 그림책!세계의 모든 군함과 호화 여객선, 군용 전투기와 헬기, 우주선 등 많은 탈것들이 실물과 비슷한 세밀한 그림으로 소개되어 아이들의 눈을 사로잡아요.2. 스토리텔링 방식으로 알기 쉽게 정리한 비행기, 배 그림책!세계의 전투기와 우주선, 군함 등의 특장점과 쓰임새를 이해하기 쉽게 스토리텔링 방식으로 풀어 설명했어요.3. 부록으로 심화 정보를 익힐 수 있는 비행기, 배 그림책!생생한 사진과 함께 다양한 비행기, 배 정보를 소개하여 아이들의 궁금증을 풀어 주어요.",314,
9791157595921,,1208,
9788998212735,,312,
9791157595891,,855,
9791157595822,,729,
9791128211652,,4292,
9791186298534,"[타요타요 비행기, 타요타요 배 특장점]1. 국내 최고 일러스트레이터들의 정교한 그림으로 가득 찬 비행기, 배 그림책!세계의 모든 군함과 호화 여객선, 군용 전투기와 헬기, 우주선 등 많은 탈것들이 실물과 비슷한 세밀한 그림으로 소개되어 아이들의 눈을 사로잡아요.2. 스토리텔링 방식으로 알기 쉽게 정리한 비행기, 배 그림책!세계의 전투기와 우주선, 군함 등의 특장점과 쓰임새를 이해하기 쉽게 스토리텔링 방식으로 풀어 설명했어요.3. 부록으로 심화 정보를 익힐 수 있는 비행기, 배 그림책!생생한 사진과 함께 다양한 비행기, 배 정보를 소개하여 아이들의 궁금증을 풀어 주어요.",332,
9791186298510,"[타요타요 비행기, 타요타요 배 특장점]1. 국내 최고 일러스트레이터들의 정교한 그림으로 가득 찬 비행기, 배 그림책!세계의 모든 군함과 호화 여객선, 군용 전투기와 헬기, 우주선 등 많은 탈것들이 실물과 비슷한 세밀한 그림으로 소개되어 아이들의 눈을 사로잡아요.2. 스토리텔링 방식으로 알기 쉽게 정리한 비행기, 배 그림책!세계의 전투기와 우주선, 군함 등의 특장점과 쓰임새를 이해하기 쉽게 스토리텔링 방식으로 풀어 설명했어요.3. 부록으로 심화 정보를 익힐 수 있는 비행기, 배 그림책!생생한 사진과 함께 다양한 비행기, 배 정보를 소개하여 아이들의 궁금증을 풀어 주어요.",421,
9791157595914,,819,
9788998212698,,439,
9791186298596,"[타요타요 비행기, 타요타요 배 특장점]1. 국내 최고 일러스트레이터들의 정교한 그림으로 가득 찬 비행기, 배 그림책!세계의 모든 군함과 호화 여객선, 군용 전투기와 헬기, 우주선 등 많은 탈것들이 실물과 비슷한 세밀한 그림으로 소개되어 아이들의 눈을 사로잡아요.2. 스토리텔링 방식으로 알기 쉽게 정리한 비행기, 배 그림책!세계의 전투기와 우주선, 군함 등의 특장점과 쓰임새를 이해하기 쉽게 스토리텔링 방식으로 풀어 설명했어요.3. 부록으로 심화 정보를 익힐 수 있는 비행기, 배 그림책! 생생한 사진과 함께 다양한 비행기, 배 정보를 소개하여 아이들의 궁금증을 풀어 주어요.",141,
9791186298527,"[타요타요 비행기, 타요타요 배 특장점]1. 국내 최고 일러스트레이터들의 정교한 그림으로 가득 찬 비행기, 배 그림책!세계의 모든 군함과 호화 여객선, 군용 전투기와 헬기, 우주선 등 많은 탈것들이 실물과 비슷한 세밀한 그림으로 소개되어 아이들의 눈을 사로잡아요.2. 스토리텔링 방식으로 알기 쉽게 정리한 비행기, 배 그림책!세계의 전투기와 우주선, 군함 등의 특장점과 쓰임새를 이해하기 쉽게 스토리텔링 방식으로 풀어 설명했어요.3. 부록으로 심화 정보를 익힐 수 있는 비행기, 배 그림책!생생한 사진과 함께 다양한 비행기, 배 정보를 소개하여 아이들의 궁금증을 풀어 주어요.",322,
9788998212995,,282,
9788998212599,,372,
9791128211171,,7944,
9788998212865,,297,
9791128211270,,5929,
9788998212919,,541,
9791157595839,,811,
9788998212759,,358,
9788975253713,,1,
9791186298558,"[타요타요 비행기, 타요타요 배 특장점]1. 국내 최고 일러스트레이터들의 정교한 그림으로 가득 찬 비행기, 배 그림책!세계의 모든 군함과 호화 여객선, 군용 전투기와 헬기, 우주선 등 많은 탈것들이 실물과 비슷한 세밀한 그림으로 소개되어 아이들의 눈을 사로잡아요.2. 스토리텔링 방식으로 알기 쉽게 정리한 비행기, 배 그림책!세계의 전투기와 우주선, 군함 등의 특장점과 쓰임새를 이해하기 쉽게 스토리텔링 방식으로 풀어 설명했어요.3. 부록으로 심화 정보를 익힐 수 있는 비행기, 배 그림책!생생한 사진과 함께 다양한 비행기, 배 정보를 소개하여 아이들의 궁금증을 풀어 주어요.",255,
9791186298565,"[타요타요 비행기, 타요타요 배 특장점]1. 국내 최고 일러스트레이터들의 정교한 그림으로 가득 찬 비행기, 배 그림책!세계의 모든 군함과 호화 여객선, 군용 전투기와 헬기, 우주선 등 많은 탈것들이 실물과 비슷한 세밀한 그림으로 소개되어 아이들의 눈을 사로잡아요.2. 스토리텔링 방식으로 알기 쉽게 정리한 비행기, 배 그림책!세계의 전투기와 우주선, 군함 등의 특장점과 쓰임새를 이해하기 쉽게 스토리텔링 방식으로 풀어 설명했어요.3. 부록으로 심화 정보를 익힐 수 있는 비행기, 배 그림책!생생한 사진과 함께 다양한 비행기, 배 정보를 소개하여 아이들의 궁금증을 풀어 주어요.",196,
9791186298541,"[타요타요 비행기, 타요타요 배 특장점]1. 국내 최고 일러스트레이터들의 정교한 그림으로 가득 찬 비행기, 배 그림책!세계의 모든 군함과 호화 여객선, 군용 전투기와 헬기, 우주선 등 많은 탈것들이 실물과 비슷한 세밀한 그림으로 소개되어 아이들의 눈을 사로잡아요.2. 스토리텔링 방식으로 알기 쉽게 정리한 비행기, 배 그림책!세계의 전투기와 우주선, 군함 등의 특장점과 쓰임새를 이해하기 쉽게 스토리텔링 방식으로 풀어 설명했어요.3. 부록으로 심화 정보를 익힐 수 있는 비행기, 배 그림책!생생한 사진과 함께 다양한 비행기, 배 정보를 소개하여 아이들의 궁금증을 풀어 주어요.",251,
9788967760120,,271,
9788967760137,,270,
9788967760106,,197,
9791128211638,,4666,
9788967760052,,264,
9791165958435,,1259,
9791165958282,,1500,
9791128213908,,988,
9791165958473,,1356,
9791190861533,,615,
9791190861267,,895,
9791190861564,,566,
9791190861489,,844,
9791190861588,,481,
9791188491216,,71,
9791165958329,,1437,
9791165958268,,770,
9791188491155,,17,
9791165958459,,1141,
9788966923670,"아람 통누리 꼬꼬마수학자 6.미리의 여행 가방(분류 개념)  이 책에서는 나누어 담기를 배웁니다. 나누어 담기는 분류의 기본 개념을 형성하는 데 도움이 됩니다. 미라는 엄마랑 기차 여행을 떠나기 위해 가지고 갈 것을 여행 가방에 담습니다. 옷은 옷끼리, 물놀이 용품은 물놀이 용품끼리, 먹을 것은 먹을 것끼리...",1436,
9791128213786,,1764,
9791128213960,,816,
9791188491414,,45,
9791197046247,,1032,
9791190861113,,718,
9791128214127,,1692,
9791165958244,,1243,
9791190861175,,843,
9791190861090,,864,
9788966923663,"아람 통누리 꼬꼬마수학자 5.이번에는 뭐게?(규칙)  이 책에서는 간단한 규칙을 반복합니다. 아이들이 좋아하는 까꿍 놀이를 하며 익숙한 물건을 통해 일정하게 반복되는 규칙을 느끼게끔 합니다. 까꿍 놀이를 통해 아이는 규칙을 느끼고, 다음에 올 반복적인 규칙을 예측하는 능력을 키웁니다. 이 책의 내용대로...",1211,
9791128214271,,1425,
9791190861342,,717,
9788961914147,"과학이 담긴 재미 동화 『눈을 감고 들어 봐』. 시냇물 소리, 공사장 소리, 동물들 울음소리, 사람들 소리 등 세상은 온통 소리로 가득 차 있다. 세상은 소리가 있어 더욱 아름답고 신이 난다. 이 동화에서는 소리의 세계로 초대한다.",392,
9791190861151,,650,
9791190861205,,650,
9791190861571,,516,
9791190861120,,1146,
9788966923014,꼬꼬마 과학자가 들려주는 동물 이야기  &lt;후끈후끈 동물원&gt;는 동물원의 동물들 이야기입니다. 동물원에 가면 많은 동물들이 있지요. 동물들은 원래 어디에서 살았을까요? &lt;후끈후끈 동물원&gt;에서는 사육사 아저씨를  통해 동물원에 살고 있는 여러 가지 동물들의 습성과 원래 살았던 곳을 알...,3337,
9791190861687,,423,
9791128214035,,1023,
9791190861731,,509,
9791190861182,,577,
9791165958367,,1476,
9791188491278,,50,
9791188491261,,45,
9791190861632,,665,
9788961914185,,138,
9791190861724,,436,
9791188491230,,15,
9791190861144,,1379,
9791157595303,꼬꼬마 수학자 + 플러스 - 수 연산 | 작은 수 더하기 빼기 25. 숨바꼭질할 친구 여기 붙어라!  &lt;숨바꼭질할 친구 여기 붙어라!&gt;는 10보다 작은 수를 더하고 빼는 이야기입니다. 더하기와 빼기를 할 때는 구체적인 상황을 통해 물건을 더해 보거나 덜어 내는 방법을 쓰는 것이 바람직합니다. 이 책은 동물 친구...,2257,
9791165958275,,1244,
9791165958534,,1460,
9791157595532,,1592,
9791197046216,,1328,
9788966923625,,1512,
9788961914215,,181,
9791190861366,,898,
9791190861137,,1109,
9791190861595,,922,
9791190861427,,459,
9791190861335,,1077,
9791190861656,,455,
9791190861168,,735,
9791128214011,,1843,
9791157595174,"꼬꼬마 수학자 + 플러스 - 공간 도형 | 근접 분리 12. 찰싹, 다 붙어 버렸어!  &lt;찰싹, 다 붙어 버렸어!&gt;는 근접과 분리에 대한 이야기입니다. 근접과 분리 개념은 &#039;가깝다, 멀다&#039;, &#039;붙다, 떨어지다&#039;라는 말로 표현됩니다. 이 책은 로봇 나라에 떨어진 바위에 대해 궁금해하던 꼬마 로봇 마로가...",1463,
9791188491315,,9,
9791197046254,,1007,
9791197046230,,782,
9791165958480,,1280,
9791190861663,,335,
9791190861328,,1211,
9791188491353,,44,
9791188491292,,48,
9791128214325,,2108,
9788961914192,,491,
9791188491117,,23,
9788966923632,통누리 꼬꼬마수학자 2.손가락을 쏙쏙  1부터 5까지의 수를 세어 봅니다. 아이가 단순히 숫자의 모양만 외워서 수를 읽는다면 수학적 개념이 형성되었다고 보기는 어렵습니다. 그렇기 때문에 아이가 흥미를 느끼는 물건들을 대입시켜 수를 셀 수 있도록 유도하는 것이 좋습니다. 이 책은 아이들이 수를 셀 때...,1370,
9791190861557,,475,
9791165958497,,1435,
9791190861502,,723,
9791157594597,,2081,
9791190861472,,960,
9791190861380,,606,
9788966923700,"통누리 꼬꼬마수학자 10.누구의 전화번호일까?  수 개념이 없는 아이가 숫자를 인지하는 것은 쉬운 일이 아닙니다. 따라서 친근하게 숫자에 접근할 수 있도록 해야 합니다. 이 책에서는 아이들이 좋아하는 휴대 전화를 이용해서, 집이나 친구의 전화번호를 직접 붙어 보게 하며 숫자를 익히도록 합니다. 이처럼...",1130,
9791157595204,"꼬꼬마 수학자 + 플러스 - 규칙 | 규칙과 친해지기 1 15. 까불까불 원숭이  &lt;까불까불 원숭이&gt;는 놀이를 통해 규칙을 알려 주는 이야기로, 규칙은 반복되는 순서가 있는 것을 뜻합니다. 이 책은 주인공인 까불까불 원숭이가 말썽을 부리다가 혼쭐이 나는 이야기입니다.  까불까불 원숭이를 비롯하여 코알라...",1279,
9791190861281,,696,
9791157595235,"꼬꼬마 수학자 + 플러스 - 분류 | 짝 찾기 18. 짝, 짝, 짝을 찾아요!  &lt;짝, 짝, 짝을 찾아요!&gt;는 짝 찾기에 대한 이야기입니다. 짝 찾기는 분류의 기초적인 단계로 비슷한 특징을 가지거나 짝을 이루는 물건을 찾는 활동입니다. 이 책은 아이가 신발장에 있던 신발을 꺼내어 현관 바닥에 늘어놓고 놀다가 신발들의...",1166,
9791190861601,,451,
9791165958626,,1294,
9791190861649,,534,
9791190861519,,597,
9791190861748,,884,
9791128213755,,1971,
9791165958305,,1554,
9791165958299,,1425,
9791188491346,,31,
9791190861274,,777,
9791190861021,,1131,
9791190861496,,834,
9791190861298,,891,
9791197046292,,1121,
9791197046278,,1095,
9791190861441,,416,
9791188491322,,15,
9791188491209,,55,
9791190861229,,551,
9791188491087,,56,